EST,MaxTemperatureF,MeanTemperatureF,MinTemperatureF,MaxDewPointF,MeanDewPointF,MinDewpointF,MaxHumidity,MeanHumidity,MinHumidity,MaxSeaLevelPressureIn,MeanSeaLevelPressureIn,MinSeaLevelPressureIn,MaxVisibilityMiles,MeanVisibilityMiles,MinVisibilityMiles,MaxWindSpeedMPH,MeanWindSpeedMPH,MaxGustSpeedMPH,PrecipitationIn,CloudCover,Events
12/1/10,63,53,42,58,50,27,93,75,57,30.09,29.78,29.53,10,6,1,41,21,55,1.29,8,Rain
12/2/10,44,40,36,25,22,19,56,50,43,30.12,30.06,29.92,10,10,10,21,14,28,0,2,
12/3/10,42,39,36,23,22,21,54,50,45,30.08,30,29.93,10,10,10,20,10,25,0,5,
12/4/10,41,38,35,24,22,19,64,54,44,29.93,29.81,29.71,10,10,10,25,17,35,0,4,
12/5/10,37,35,32,21,18,15,56,48,40,29.69,29.67,29.63,10,10,10,26,17,36,0,6,
12/6/10,36,34,32,20,17,15,59,52,44,29.63,29.52,29.44,10,10,9,30,20,39,T,6,Snow
12/7/10,38,36,33,20,17,14,56,50,43,29.73,29.57,29.47,10,10,9,31,18,39,T,5,Snow
12/8/10,36,33,30,15,10,7,47,40,32,30.09,29.91,29.74,10,10,10,26,16,36,0,1,
12/9/10,32,29,26,12,8,5,50,41,32,30.4,30.25,30.11,10,10,10,23,14,31,0,1,
12/10/10,40,32,24,28,16,5,70,54,38,30.44,30.36,30.26,10,10,9,12,5,15,T,6,
12/11/10,48,42,36,35,27,24,76,59,42,30.28,30.23,30.12,10,10,9,10,4,13,0,6,
12/12/10,59,50,41,54,47,35,86,81,76,30.09,29.65,29.25,10,6,1,27,15,46,1.15,8,Rain
12/13/10,52,38,23,47,30,15,83,68,52,29.35,29.2,29.11,10,8,2,26,15,33,0.06,8,Rain-Snow
12/14/10,25,23,20,16,9,5,74,58,42,29.7,29.51,29.35,10,8,2,31,20,39,0.02,7,Snow
12/15/10,29,26,22,10,8,6,54,47,39,29.79,29.74,29.68,10,10,10,28,18,36,0,3,
12/16/10,32,29,26,13,11,10,50,46,42,29.86,29.81,29.77,10,10,10,22,11,29,0,5,
12/17/10,39,33,26,19,16,12,57,51,44,30.09,29.94,29.79,10,10,10,17,11,22,0,2,
12/18/10,38,35,31,20,18,16,58,49,40,30.14,30.09,30.06,10,10,10,15,6,21,0,4,
12/19/10,38,35,32,22,20,16,61,56,51,30.05,29.98,29.89,10,10,8,15,8,20,0,5,
12/20/10,39,34,29,20,18,17,63,52,40,29.91,29.87,29.82,10,10,10,26,16,32,0,2,
12/21/10,41,36,31,22,19,16,61,53,44,29.89,29.84,29.81,10,10,10,26,17,36,0,3,
12/22/10,40,36,31,25,22,20,69,60,50,29.87,29.81,29.73,10,10,10,24,16,35,0,3,
12/23/10,37,35,32,21,20,18,61,54,47,29.96,29.84,29.78,10,10,10,30,19,38,0,6,
12/24/10,42,37,31,21,18,16,63,48,33,30.06,30.02,29.97,10,10,10,21,13,25,0,4,
12/25/10,34,31,28,19,17,16,69,58,47,30.04,30,29.95,10,10,10,14,8,17,0,7,
12/26/10,32,28,23,25,20,16,88,71,53,29.95,29.65,29.15,10,4,0,37,17,55,0.75,8,Fog-Snow
12/27/10,31,28,24,22,15,9,81,60,39,29.66,29.3,29.12,10,6,0,44,30,56,0.25,5,Snow
12/28/10,40,33,26,20,17,7,59,50,40,29.9,29.81,29.69,10,10,10,32,13,39,0,4,
12/29/10,40,37,34,24,23,20,61,56,50,30.15,30.02,29.91,10,10,10,21,12,26,0,5,
12/30/10,41,35,29,26,24,21,69,60,51,30.26,30.2,30.15,10,9,8,10,5,14,0,3,
12/31/10,46,42,37,29,27,26,64,55,45,30.2,30.16,30.13,10,8,7,12,7,14,0,5,
1/1/11,52,46,39,41,34,29,77,64,50,30.14,30.08,29.98,9,7,6,9,6,12,0,6,
1/2/11,53,46,38,45,39,22,92,71,50,29.98,29.93,29.86,10,6,0,25,7,33,T,7,Fog-Rain
1/3/11,38,34,30,19,13,11,52,42,32,30.17,30.12,29.97,10,10,10,29,17,36,0,1,
1/4/11,42,37,32,20,16,13,47,40,33,30.12,29.94,29.79,10,10,10,17,10,23,0,5,
1/5/11,41,37,32,22,17,13,56,47,38,29.9,29.83,29.8,10,10,10,20,12,25,0,2,
1/6/11,34,32,29,17,16,13,58,51,43,29.79,29.69,29.57,10,10,10,10,4,17,0,6,
1/7/11,37,33,29,31,26,17,89,68,47,29.55,29.43,29.37,10,5,0,15,8,20,0.13,7,Fog-Snow
1/8/11,33,30,27,23,20,16,75,62,49,29.51,29.46,29.41,10,8,2,18,8,24,T,8,Snow
1/9/11,34,32,29,19,14,12,69,55,41,30.1,29.86,29.53,10,10,10,31,21,40,0,3,
1/10/11,37,32,27,18,15,12,58,51,43,30.24,30.18,30.12,10,10,10,25,15,35,0,2,
1/11/11,32,29,26,27,20,16,85,72,58,30.27,30.08,29.8,10,7,1,16,8,18,0.13,7,Snow
1/12/11,34,30,26,24,19,12,85,67,49,29.85,29.68,29.6,10,6,0,33,18,40,0.5,6,Fog-Snow
1/13/11,32,27,21,14,12,7,57,50,43,30.3,30.13,29.87,10,10,10,24,17,32,0,2,
1/14/11,32,27,21,13,11,8,62,53,43,30.34,30.31,30.27,10,10,10,16,9,22,0,3,
1/15/11,39,32,25,26,18,12,64,56,47,30.3,30.09,29.89,10,10,10,18,8,22,0,7,
1/16/11,39,34,28,21,13,8,52,44,35,30.23,30.07,29.88,10,10,10,24,13,31,0,4,
1/17/11,29,26,22,10,7,5,52,46,39,30.39,30.32,30.25,10,10,10,18,10,23,T,7,Snow
1/18/11,44,35,25,38,31,16,92,83,74,30.27,29.87,29.6,10,3,1,29,17,32,1.12,8,Rain-Snow
1/19/11,42,40,37,34,32,24,82,73,64,29.92,29.73,29.63,10,9,7,20,8,25,0.07,8,Rain
1/20/11,37,35,32,23,17,12,61,51,41,30.09,29.97,29.8,10,10,10,22,12,28,0,6,
1/21/11,33,27,21,27,18,4,85,61,37,29.89,29.65,29.51,10,6,0,29,16,37,0.43,6,Fog-Snow
1/22/11,27,22,17,7,4,1,54,46,37,30.01,29.94,29.86,10,10,10,25,8,32,0,4,
1/23/11,27,21,14,6,3,-3,52,43,33,30.35,30.06,29.88,10,10,10,26,15,33,0,3,
1/24/11,26,18,9,8,-1,-5,58,45,31,30.51,30.43,30.35,10,10,10,22,7,28,0,3,
1/25/11,38,32,26,27,23,9,78,62,46,30.32,30.18,30.1,10,6,1,13,5,16,0.06,8,Snow
1/26/11,34,33,31,29,27,24,85,79,72,30.1,29.8,29.49,8,2,0,32,13,40,0.94,8,Fog-Snow
1/27/11,39,36,32,29,23,18,85,66,47,29.87,29.75,29.55,10,8,0,21,11,28,0.56,7,Fog-Snow
1/28/11,37,34,30,28,23,20,82,68,54,29.87,29.85,29.81,10,8,3,13,4,15,T,8,Snow
1/29/11,38,35,32,27,23,16,75,58,40,30.01,29.94,29.87,10,8,2,16,7,20,0.01,7,Snow
1/30/11,42,36,30,27,22,13,75,60,44,30.3,30.1,29.99,10,9,8,21,8,28,0,5,
1/31/11,33,30,26,13,9,2,55,42,28,30.51,30.44,30.31,10,10,8,18,8,23,T,4,Snow
2/1/11,31,29,26,27,23,14,85,69,53,30.43,30.29,30.17,10,4,1,18,12,23,0.13,8,Rain-Snow
2/2/11,41,35,28,34,29,18,92,70,48,30.22,29.84,29.64,10,4,0,28,11,37,0.67,7,Rain
2/3/11,36,32,27,19,12,7,53,43,33,30.36,30.26,30.01,10,10,10,25,14,35,0,3,
2/4/11,37,32,27,20,12,7,56,46,35,30.33,30.22,30.1,10,10,10,20,10,25,0,4,
2/5/11,44,38,31,39,30,19,92,74,56,30.09,29.71,29.36,10,4,0,30,9,40,0.24,8,Rain-Snow
2/6/11,47,43,38,29,26,24,67,55,42,30.04,29.85,29.46,10,10,10,33,12,48,0,4,
2/7/11,45,39,33,36,29,25,79,62,45,30.06,29.94,29.71,10,9,2,14,6,20,0.09,7,Rain
2/8/11,43,32,20,38,25,1,85,63,40,30.16,29.71,29.54,10,7,2,36,19,47,0.11,6,Rain
2/9/11,30,23,16,10,4,-1,54,47,39,30.27,30.17,30.04,10,10,10,28,13,36,0,5,
2/10/11,30,27,23,10,3,-4,46,36,26,30.16,30.04,29.96,10,10,10,23,13,28,0,2,
2/11/11,37,29,21,14,6,-1,45,38,31,30.22,30.13,30.04,10,10,10,18,10,24,0,2,
2/12/11,40,35,30,19,15,9,59,44,29,30.1,29.94,29.82,10,10,9,28,15,38,T,4,Snow
2/13/11,46,38,30,29,18,8,60,49,38,30.14,29.98,29.78,10,10,10,21,11,28,0,5,
2/14/11,58,48,37,28,25,21,60,44,28,29.83,29.59,29.41,10,10,10,38,20,49,T,5,
2/15/11,37,32,26,21,6,-1,56,40,23,30.42,30.24,29.86,10,10,10,37,18,47,0,1,
2/16/11,48,38,27,28,12,-4,53,35,17,30.42,30.29,30.16,10,10,10,16,7,23,0,5,
2/17/11,64,55,46,38,31,25,65,49,32,30.16,30.09,29.99,10,10,10,13,5,17,0,7,
2/18/11,67,56,44,45,39,6,83,50,16,29.95,29.75,29.6,10,10,9,37,13,47,0,6,
2/19/11,54,39,23,22,13,6,52,34,15,30.02,29.78,29.64,10,10,10,44,27,54,0,4,
2/20/11,39,30,21,14,10,7,57,43,29,30.18,30.1,30.01,10,10,10,35,16,46,0,4,
2/21/11,37,31,24,28,23,7,100,69,37,29.99,29.83,29.73,10,6,0,21,12,24,0.32,8,Fog-Snow
2/22/11,35,26,17,14,7,2,54,46,38,30.26,30.1,29.91,10,10,10,23,13,29,0,2,
2/23/11,41,32,23,15,7,1,54,37,20,30.35,30.3,30.27,10,10,10,14,7,17,0,0,
2/24/11,42,34,26,36,23,11,85,57,29,30.29,30.17,29.99,10,10,8,16,6,21,0.04,5,Rain
2/25/11,58,46,33,52,39,18,100,78,56,30,29.57,29.18,10,6,1,35,14,44,1.29,7,Rain-Snow
2/26/11,43,37,31,29,19,11,70,50,30,30.22,30.12,29.98,10,10,10,23,11,29,0,6,
2/27/11,50,43,35,35,29,23,92,64,36,30.12,29.98,29.87,10,10,7,21,10,26,0,7,
2/28/11,60,50,39,50,40,25,93,75,57,30.1,29.75,29.48,10,7,2,26,13,37,0.44,8,Rain
3/1/11,45,39,33,23,13,4,52,35,18,30.29,30.19,29.91,10,10,10,28,13,35,0,3,
3/2/11,53,39,25,24,18,5,56,42,27,30.4,30.14,29.97,10,10,10,33,17,41,0,2,
3/3/11,33,26,19,7,0,-5,52,37,21,30.69,30.61,30.43,10,10,10,29,10,35,0,1,
3/4/11,41,34,26,32,18,-1,76,53,29,30.74,30.66,30.55,10,10,10,20,10,26,0,7,
3/5/11,58,50,41,45,41,34,86,72,57,30.54,30.36,30.18,10,10,10,32,16,44,T,7,Rain
3/6/11,56,52,48,52,48,45,96,88,80,30.16,29.88,29.55,10,5,2,38,17,56,2.08,8,Rain
3/7/11,53,44,34,52,31,12,100,70,39,30.33,29.79,29.43,10,8,2,28,20,39,0.07,5,Rain
3/8/11,46,38,29,25,16,11,59,42,25,30.59,30.5,30.36,10,10,10,14,7,18,0,4,
3/9/11,46,40,33,32,28,25,89,69,49,30.63,30.57,30.45,10,10,7,25,14,33,0.01,6,Rain
3/10/11,54,46,37,50,41,32,89,82,74,30.43,30.14,29.78,10,7,2,37,20,53,1.18,8,Rain
3/11/11,55,48,40,51,41,25,100,73,46,29.84,29.77,29.7,10,7,2,37,12,53,0.99,7,Rain
3/12/11,55,47,38,34,28,23,76,53,29,29.89,29.84,29.78,10,10,10,21,14,31,0,4,
3/13/11,50,46,41,35,28,23,61,49,36,30.21,30.02,29.8,10,10,10,26,16,37,0,5,
3/14/11,43,40,37,28,26,24,64,57,49,30.43,30.31,30.21,10,10,10,18,8,23,0,5,
3/15/11,45,39,33,32,29,24,96,75,53,30.5,30.45,30.38,10,10,7,16,8,22,0,5,
3/16/11,56,47,37,43,37,28,92,74,55,30.36,30.11,29.99,10,8,2,22,9,25,0.56,8,Rain
3/17/11,63,54,44,39,34,27,76,51,25,30.21,30.12,30.03,10,10,10,18,10,22,0,3,
3/18/11,75,63,51,44,37,26,59,42,25,30.01,29.87,29.78,10,10,10,28,12,36,0,6,
3/19/11,58,49,39,34,26,20,56,44,31,30.49,30.22,29.95,10,10,10,28,17,41,0,4,
3/20/11,48,41,34,31,20,12,70,47,23,30.65,30.57,30.51,10,10,10,18,9,23,0,2,
3/21/11,45,41,36,43,37,30,96,81,65,30.49,30.08,29.87,10,5,2,21,8,26,0.39,8,Rain-Snow
3/22/11,49,45,40,39,31,25,93,70,46,30.01,29.92,29.85,10,9,4,20,12,25,T,5,
3/23/11,40,36,32,34,32,26,96,86,76,29.96,29.81,29.6,10,5,2,21,10,24,0.54,8,Rain-Snow-Thunderstorm
3/24/11,44,38,31,31,25,14,92,62,32,29.91,29.68,29.57,10,7,2,20,13,26,0.08,6,Snow
3/25/11,41,35,29,17,13,7,58,42,25,30,29.94,29.88,10,10,10,22,13,29,0,3,
3/26/11,39,33,27,13,10,6,55,40,25,30.05,30.01,29.96,10,10,10,22,15,31,0,2,
3/27/11,44,36,28,13,11,8,50,37,24,30.03,29.96,29.86,10,10,10,25,14,32,0,3,
3/28/11,45,36,27,16,11,8,46,37,27,30.02,29.97,29.9,10,10,10,28,18,33,0,1,
3/29/11,48,40,32,23,17,12,50,41,31,30.14,30.08,30.03,10,10,10,25,16,32,0,1,
3/30/11,52,45,38,31,24,22,62,48,33,30.21,30.1,29.97,10,10,10,18,9,22,T,5,Rain
3/31/11,42,40,37,36,33,30,85,74,62,29.96,29.82,29.64,10,9,4,22,13,26,0.06,8,Rain
4/1/11,44,40,36,36,33,30,92,77,62,29.63,29.42,29.32,10,10,6,23,12,29,0.15,8,Rain-Snow
4/2/11,53,46,39,29,24,20,60,43,26,29.7,29.54,29.46,10,10,10,23,15,31,0,3,
4/3/11,56,49,42,25,23,19,49,37,24,30.02,29.89,29.72,10,10,10,29,13,33,T,4,
4/4/11,61,53,44,46,41,29,83,69,55,30.04,29.73,29.44,10,10,9,20,9,25,0.04,8,Rain
4/5/11,64,53,42,55,42,21,96,70,43,29.77,29.41,29.23,10,7,1,27,16,39,0.1,7,Rain
4/6/11,54,47,39,38,26,18,82,53,24,30.05,29.95,29.81,10,10,7,25,12,35,0.1,5,Rain
4/7/11,51,46,41,38,36,34,82,74,65,30.17,30.1,30.02,10,10,10,17,9,22,0.01,6,Rain
4/8/11,47,44,41,38,36,28,86,72,57,30.26,30.19,30.14,10,10,6,15,7,21,0,7,
4/9/11,55,47,38,37,33,20,100,64,28,30.22,30.18,30.1,10,6,0,15,7,20,0,6,Fog
4/10/11,54,49,44,45,36,24,86,64,42,30.18,30.09,29.99,10,10,9,18,7,23,0,7,
4/11/11,75,61,47,61,51,44,100,79,57,29.99,29.75,29.53,10,7,0,22,10,29,0.01,7,
4/12/11,73,60,46,59,45,33,77,64,50,30.05,29.87,29.58,10,9,2,28,15,41,0.96,8,Rain-Thunderstorm
4/13/11,52,48,43,48,42,36,93,88,83,30,29.9,29.83,10,3,0,30,14,38,0.45,8,Rain-Thunderstorm
4/14/11,67,57,47,45,40,34,86,58,29,30.18,29.99,29.86,10,10,10,15,8,20,0,4,
4/15/11,54,48,41,38,31,23,67,50,33,30.47,30.39,30.21,10,10,10,22,12,26,0,5,
4/16/11,55,48,40,51,41,32,89,77,65,30.42,30.06,29.53,10,7,2,36,20,48,1.58,7,Rain-Thunderstorm
4/17/11,60,56,51,52,40,25,86,56,26,29.75,29.6,29.45,10,8,2,31,15,41,0.2,5,Rain
4/18/11,63,55,47,40,33,25,71,49,27,30.02,29.95,29.75,10,10,10,22,10,26,T,6,Rain
4/19/11,53,50,46,45,42,39,86,76,66,30.12,30.04,29.95,10,10,9,17,7,22,0.01,7,Rain
4/20/11,66,55,44,48,44,39,100,84,67,30.04,29.9,29.78,10,6,0,20,8,25,T,7,Fog
4/21/11,65,54,43,42,29,22,59,42,25,30.38,30.12,29.86,10,10,10,31,17,44,0,4,
4/22/11,49,45,40,32,26,23,62,51,39,30.48,30.44,30.39,10,10,10,16,10,21,T,6,
4/23/11,59,51,43,55,47,34,100,83,65,30.37,30.11,29.93,10,4,1,18,8,25,0.82,8,Rain
4/24/11,78,65,51,63,57,50,96,71,46,30.02,29.97,29.92,10,7,4,20,7,24,0.37,7,Rain-Thunderstorm
4/25/11,66,60,54,61,55,51,100,82,63,30.08,30.02,29.97,10,4,0,16,7,21,T,8,Fog
4/26/11,80,66,51,61,55,51,100,76,51,30,29.96,29.9,10,5,0,24,10,31,0,5,Fog
4/27/11,70,64,57,61,57,54,93,80,66,30.01,29.94,29.86,10,8,1,24,13,30,T,7,
4/28/11,69,64,58,63,58,49,100,74,47,29.86,29.71,29.62,10,5,0,28,13,35,0.27,7,Rain-Thunderstorm
4/29/11,68,61,54,43,39,36,59,45,30,29.9,29.76,29.67,10,10,10,23,12,28,0,4,
4/30/11,65,58,50,41,36,32,68,49,30,30.21,30.05,29.92,10,10,10,18,10,23,0,4,
5/1/11,64,57,50,41,37,34,66,50,34,30.32,30.27,30.22,10,10,10,17,9,22,0,4,
5/2/11,61,56,50,49,43,38,77,65,53,30.31,30.22,30.13,10,10,10,16,7,21,T,7,Rain
5/3/11,71,62,52,56,51,48,89,75,61,30.15,30.05,29.94,10,10,10,18,9,24,0,7,
5/4/11,63,55,47,55,47,38,89,78,66,30.02,29.96,29.9,10,9,2,22,11,26,0.5,8,Rain
5/5/11,63,55,47,38,31,23,66,44,21,30.01,29.95,29.88,10,10,10,30,15,36,0,3,
5/6/11,69,61,52,45,34,25,55,40,24,29.99,29.92,29.84,10,10,10,23,11,30,0,4,
5/7/11,70,63,56,45,40,29,66,44,22,29.87,29.84,29.78,10,10,10,24,9,30,T,4,
5/8/11,72,63,53,46,41,35,71,49,27,29.95,29.89,29.84,10,10,10,15,6,22,0,4,
5/9/11,68,62,55,46,38,32,67,48,29,30.01,29.94,29.88,10,10,10,23,12,29,0,3,
5/10/11,72,64,55,45,39,33,66,49,31,30.04,29.97,29.93,10,10,10,20,10,24,0,3,
5/11/11,69,62,54,49,45,42,77,61,45,30.09,30.06,30.03,10,10,10,17,8,24,0,4,
5/12/11,71,62,52,50,45,41,83,62,40,30.1,30.05,29.99,10,10,10,17,7,22,0,3,
5/13/11,65,59,52,50,47,45,77,65,52,30.03,29.94,29.85,10,10,10,13,7,17,0,7,
5/14/11,63,60,57,55,52,50,93,79,65,29.87,29.83,29.76,10,10,6,18,10,23,0.08,8,Rain
5/15/11,71,64,56,63,58,55,100,87,73,29.74,29.62,29.55,10,5,1,17,7,18,0.48,7,Rain
5/16/11,62,58,53,59,54,51,100,92,84,29.88,29.72,29.6,10,3,0,20,13,26,0.02,8,Fog-Rain
5/17/11,59,55,51,54,52,51,100,93,86,29.96,29.91,29.87,10,7,2,25,18,32,1.03,8,Rain-Thunderstorm
5/18/11,64,59,54,59,55,52,93,89,84,30.01,29.96,29.93,10,6,0,23,13,26,1.33,8,Fog-Rain
5/19/11,71,64,57,61,57,54,100,81,61,30.03,29.99,29.94,10,6,0,17,8,21,T,8,Fog-Rain
5/20/11,66,61,56,57,55,52,100,82,63,29.97,29.94,29.91,10,6,0,12,4,20,0.09,6,Fog-Rain
5/21/11,76,66,55,60,55,54,93,70,46,30.03,29.95,29.91,10,5,1,21,4,24,0.19,4,Rain
5/22/11,58,56,53,55,52,49,93,85,77,30.18,30.13,30.04,10,7,4,13,8,17,T,8,
5/23/11,65,60,55,61,56,50,93,88,83,30.14,30,29.81,10,9,5,21,10,25,0.02,8,Rain
5/24/11,82,73,63,66,61,56,93,68,42,29.81,29.77,29.74,10,6,2,21,9,24,0,6,
5/25/11,82,73,63,59,55,52,78,59,39,29.95,29.9,29.82,10,10,10,17,8,21,0,3,
5/26/11,79,70,61,66,63,58,90,79,68,29.96,29.91,29.85,10,8,4,18,9,22,0,5,
5/27/11,82,72,62,65,62,61,100,76,51,29.98,29.95,29.9,10,6,0,21,9,24,0,3,
5/28/11,83,74,65,65,63,58,93,69,45,30.09,30.02,29.97,10,10,6,24,10,30,0,5,
5/29/11,81,73,65,66,65,63,93,76,58,30.12,30.08,30.04,10,8,4,20,9,25,0,5,
5/30/11,87,78,68,68,65,64,84,66,48,30.11,30.06,30.01,10,9,2,24,8,35,0.23,5,Rain-Thunderstorm
5/31/11,87,78,69,66,62,57,84,64,43,30.2,30.16,30.11,10,10,10,15,9,23,0,1,
6/1/11,90,79,68,71,66,47,90,59,27,30.17,30,29.83,10,9,5,23,12,29,0,4,
6/2/11,81,72,63,46,40,37,43,35,26,30.03,29.91,29.86,10,10,10,31,19,40,0,1,
6/3/11,75,67,58,39,35,30,47,33,19,30.09,30.03,29.97,10,10,10,25,15,35,0,2,
6/4/11,75,68,60,54,42,36,78,52,25,30.1,30.06,29.98,10,10,10,21,9,26,T,5,Rain
6/5/11,68,62,56,55,50,46,78,63,48,30.08,30.05,30.01,10,10,10,15,8,20,0,6,
6/6/11,82,72,62,56,54,50,78,57,35,30.03,29.99,29.95,10,10,10,14,6,18,0,3,
6/7/11,89,78,67,61,57,49,73,50,26,29.98,29.91,29.83,10,10,10,18,10,24,0,4,
6/8/11,97,86,75,66,62,61,64,47,30,29.93,29.87,29.81,10,10,10,17,7,21,0,3,
6/9/11,97,84,70,70,65,61,84,59,33,29.9,29.84,29.72,10,8,2,31,6,41,0.34,4,Rain-Thunderstorm
6/10/11,86,78,70,66,63,59,84,65,45,29.99,29.94,29.87,10,10,8,15,8,18,T,5,
6/11/11,71,65,58,64,61,57,100,89,78,30.02,29.99,29.94,10,6,1,25,15,31,0.5,8,Rain
6/12/11,72,65,57,59,57,55,93,80,66,29.93,29.87,29.83,10,9,3,20,9,25,0.05,8,
6/13/11,73,66,59,61,55,46,93,69,44,29.91,29.87,29.84,10,9,3,17,9,26,0.02,7,Rain
6/14/11,68,64,60,57,54,51,78,71,63,29.93,29.87,29.82,10,10,8,18,9,23,0.03,5,Rain
6/15/11,82,71,59,60,50,46,81,55,28,29.91,29.86,29.83,10,10,10,17,8,24,0,3,
6/16/11,84,74,63,62,55,43,90,57,24,29.93,29.9,29.87,10,10,6,18,8,23,0,6,
6/17/11,78,72,65,66,62,58,93,77,60,29.92,29.87,29.82,10,6,0,28,6,51,2.3,7,Rain-Thunderstorm
6/18/11,84,74,63,64,61,56,100,70,40,29.87,29.83,29.79,10,8,2,14,4,23,0,4,
6/19/11,83,77,70,63,55,46,73,52,30,29.85,29.82,29.8,10,10,10,13,7,25,0,5,
6/20/11,81,73,65,61,55,51,81,60,39,29.91,29.88,29.86,10,10,10,16,9,22,0,5,
6/21/11,82,77,71,66,62,58,69,62,54,29.92,29.89,29.87,10,10,10,16,8,20,0,6,
6/22/11,81,76,70,70,66,59,97,78,58,29.93,29.85,29.78,10,8,1,16,7,20,0.31,7,Rain-Thunderstorm
6/23/11,73,69,64,68,66,62,100,90,79,29.79,29.76,29.73,10,5,0,17,9,28,0.26,8,Fog-Rain
6/24/11,70,67,64,64,64,62,100,92,84,29.76,29.73,29.69,10,4,1,15,8,21,0.01,8,Rain
6/25/11,80,72,63,66,62,54,93,68,42,29.88,29.81,29.75,10,6,1,18,9,24,0,6,
6/26/11,81,75,68,59,57,54,68,55,42,29.98,29.92,29.86,10,10,10,16,6,22,0,6,
6/27/11,83,76,68,65,60,54,76,59,42,30.04,30,29.96,10,10,10,15,7,24,0,5,
6/28/11,84,79,73,70,66,61,87,67,47,29.96,29.88,29.81,10,9,6,17,8,21,0,6,
6/29/11,82,76,70,72,61,54,93,66,39,29.92,29.85,29.8,10,9,5,21,9,26,0.03,5,Rain-Thunderstorm
6/30/11,82,74,66,56,53,49,68,51,33,29.99,29.94,29.9,10,10,10,18,9,24,0,2,
7/1/11,83,75,67,59,52,45,61,49,36,30.04,29.99,29.94,10,10,10,13,6,17,0,2,
7/2/11,84,77,69,62,59,56,78,59,40,30.09,30.02,29.96,10,10,10,18,6,23,0,4,
7/3/11,77,74,70,70,66,60,90,77,64,29.96,29.88,29.83,10,7,2,13,6,20,0.32,7,Rain-Thunderstorm
7/4/11,88,79,70,70,63,54,97,66,35,29.87,29.84,29.79,10,6,2,18,7,22,0,6,
7/5/11,89,80,71,66,54,44,67,45,22,29.93,29.9,29.86,10,10,10,15,8,23,0,1,
7/6/11,89,83,76,70,64,60,69,55,40,29.95,29.9,29.84,10,10,10,21,8,26,T,4,
7/7/11,90,83,75,68,65,62,74,58,41,29.92,29.89,29.86,10,10,8,16,8,21,T,4,Rain-Thunderstorm
7/8/11,83,76,68,72,68,64,90,73,55,29.91,29.83,29.75,10,8,5,15,7,18,0.42,7,Rain-Thunderstorm
7/9/11,87,78,69,66,60,51,90,60,30,30.01,29.83,29.72,10,9,7,17,9,22,0,3,
7/10/11,84,77,69,62,58,55,66,53,40,30.07,30.03,30,10,10,10,16,7,18,0,3,
7/11/11,92,84,75,69,66,62,69,55,41,30,29.9,29.73,10,10,10,21,10,26,0,3,
7/12/11,92,86,79,70,65,61,74,56,38,29.73,29.7,29.66,10,10,10,25,13,30,0,4,
7/13/11,86,78,70,63,58,51,60,47,34,29.86,29.76,29.7,10,10,6,31,12,39,T,4,Rain-Thunderstorm
7/14/11,81,74,66,61,54,48,73,53,33,30.05,29.97,29.86,10,10,10,20,11,26,0,1,
7/15/11,86,78,69,60,54,49,66,49,31,30.08,30.05,30.02,10,10,10,15,8,20,0,2,
7/16/11,90,80,69,64,57,51,84,57,29,30.14,30.11,30.08,10,10,10,16,7,21,0,4,
7/17/11,91,83,74,64,60,55,64,47,30,30.17,30.11,30.02,10,10,10,20,11,25,0,2,
7/18/11,95,85,75,72,65,61,87,59,31,30.04,29.92,29.81,10,10,6,20,10,25,T,4,
7/19/11,92,84,75,72,68,62,87,64,41,29.86,29.81,29.78,10,9,5,14,6,20,0,3,
7/20/11,88,81,73,70,68,63,87,66,45,29.9,29.87,29.84,10,8,5,16,9,21,0,3,
7/21/11,96,85,73,74,72,70,93,70,46,29.86,29.79,29.71,10,8,5,20,11,25,0,2,
7/22/11,104,95,85,74,70,60,65,48,30,29.85,29.81,29.75,10,9,7,16,6,22,0,1,
7/23/11,99,89,79,71,67,63,74,53,31,29.91,29.87,29.84,10,10,10,20,8,24,0,6,
7/24/11,90,84,78,73,69,64,74,60,46,29.93,29.89,29.85,10,9,2,17,6,21,0.11,5,Rain
7/25/11,81,75,69,70,64,57,84,65,45,29.93,29.88,29.78,10,10,4,16,9,23,0.23,7,Rain
7/26/11,92,80,68,69,63,55,84,57,30,29.78,29.72,29.64,10,9,2,28,6,31,0.29,5,Rain-Thunderstorm
7/27/11,84,78,71,66,59,55,79,60,40,29.98,29.88,29.76,10,10,10,14,10,22,0,3,
7/28/11,86,79,72,66,63,60,79,62,44,30.06,30.02,29.99,10,10,10,16,8,23,0,6,
7/29/11,84,78,71,75,70,63,93,76,58,30.01,29.89,29.8,10,7,0,17,8,24,1.57,7,Fog-Rain-Thunderstorm
7/30/11,91,83,75,72,61,54,79,54,29,30,29.91,29.82,10,10,9,14,10,,0,3,
7/31/11,91,82,73,68,60,55,73,53,32,30.07,30.01,29.97,10,10,10,17,7,20,T,3,
8/1/11,92,83,74,67,65,63,74,56,38,30.47,29.87,29.75,10,10,10,20,7,32,0.01,4,Rain-Thunderstorm
8/2/11,89,82,75,67,58,49,74,37,0,29.78,29.73,29.67,10,10,10,22,10,29,0,3,
8/3/11,83,76,68,67,61,54,61,54,47,29.76,29.73,29.7,10,7,2,14,7,20,0.86,7,Rain
8/4/11,82,75,68,66,63,58,90,68,45,30.01,29.89,29.76,10,10,10,16,8,24,0,5,
8/5/11,85,79,72,66,64,61,74,59,44,30.09,30.06,30.01,10,10,10,21,10,25,0,3,
8/6/11,82,78,73,71,67,64,87,73,58,30.08,30,29.86,10,10,7,23,12,32,0.11,7,Rain
8/7/11,89,82,74,73,70,66,88,69,50,29.86,29.67,29.55,10,9,4,28,9,36,0.17,7,Rain-Thunderstorm
8/8/11,90,83,75,70,66,62,82,62,41,29.64,29.57,29.52,10,10,10,24,10,31,0,4,
8/9/11,83,78,72,72,69,63,93,79,65,29.65,29.58,29.52,10,8,0,16,8,21,1.43,5,Fog-Rain
8/10/11,86,79,72,69,61,54,82,57,32,29.71,29.6,29.52,10,10,10,18,11,25,0,3,
8/11/11,82,76,70,60,51,46,64,46,28,29.92,29.82,29.71,10,10,10,16,11,23,0,2,
8/12/11,83,76,68,59,52,49,55,45,34,30.03,29.99,29.93,10,10,10,13,7,16,0,1,
8/13/11,85,78,71,65,59,51,79,57,34,30.07,30.03,29.98,10,10,10,18,6,24,T,6,
8/14/11,76,72,67,70,66,64,93,89,84,29.97,29.86,29.76,10,5,2,20,9,26,6.6,8,Rain-Thunderstorm
8/15/11,76,73,69,69,66,63,93,83,73,29.76,29.68,29.63,10,10,6,15,8,18,0.04,7,Rain-Thunderstorm
8/16/11,79,72,64,64,61,59,81,69,56,30.01,29.8,29.69,10,10,3,15,9,20,0.04,7,Rain
8/17/11,85,78,70,63,60,53,78,56,34,30.13,30.08,30.03,10,10,10,14,5,20,0,2,
8/18/11,83,78,72,70,65,61,79,63,47,30.24,30,29.91,10,10,2,17,10,21,0.1,6,Rain-Thunderstorm
8/19/11,84,75,65,65,62,58,93,68,43,29.96,29.92,29.87,10,9,1,36,8,44,0.89,6,Rain-Thunderstorm
8/20/11,85,76,67,67,62,57,87,64,40,29.99,29.96,29.92,10,9,4,14,5,,0,2,
8/21/11,86,78,70,72,68,65,93,77,61,29.98,29.88,29.59,10,9,2,21,10,27,0.94,6,Rain-Thunderstorm
8/22/11,78,73,67,69,54,48,87,61,35,29.95,29.83,29.73,10,10,10,22,13,26,0,4,
8/23/11,79,72,65,52,49,44,63,47,30,30.07,30.02,29.95,10,10,10,15,8,20,0,3,
8/24/11,79,74,68,64,57,53,73,62,50,30.1,30.03,29.95,10,10,10,26,13,33,0,4,
8/25/11,81,77,73,71,67,63,93,80,67,29.94,29.9,29.86,10,10,4,22,10,26,0.35,6,Rain
8/26/11,85,79,72,69,67,64,87,71,55,30.01,29.96,29.92,10,10,8,13,5,20,T,5,Rain
8/27/11,75,73,71,73,71,68,94,88,82,29.95,29.81,29.49,10,6,2,23,11,35,2.07,8,Rain-Thunderstorm
8/28/11,76,71,66,72,64,53,97,77,57,29.73,29.17,28.59,10,6,1,52,28,67,3.62,7,Rain
8/29/11,79,71,62,54,50,45,77,54,31,30.03,29.92,29.75,10,10,10,16,8,20,0,2,
8/30/11,81,73,64,57,52,48,78,56,33,30.15,30.1,30.03,10,10,10,13,6,18,0,2,
8/31/11,83,75,67,62,55,49,76,55,33,30.22,30.17,30.12,10,10,10,13,6,16,0,3,
9/1/11,81,75,69,62,56,48,68,51,33,30.19,30.15,30.1,10,10,10,16,7,21,0,4,
9/2/11,77,72,66,59,57,55,73,63,53,30.14,30.09,30.05,10,10,10,13,8,16,0,2,
9/3/11,84,76,67,67,61,52,74,64,53,30.05,29.96,29.9,10,10,10,15,10,18,0,4,
9/4/11,86,80,73,68,66,62,74,66,58,29.93,29.88,29.82,10,10,8,20,10,23,0,6,
9/5/11,81,77,72,70,66,62,84,76,67,29.84,29.8,29.76,10,10,10,21,11,26,T,7,Rain
9/6/11,74,68,61,68,59,55,93,86,78,30.11,29.98,29.78,10,7,2,24,14,31,2.31,8,Rain
9/7/11,69,66,62,66,63,59,93,90,87,30.11,30.08,30.02,10,6,2,24,15,30,0.92,8,Rain-Thunderstorm
9/8/11,75,70,64,67,64,61,93,83,73,30.07,29.99,29.9,10,8,2,24,14,29,0.96,7,Rain
9/9/11,86,76,66,67,63,60,87,66,44,29.9,29.84,29.78,10,10,10,15,7,17,0,4,
9/10/11,79,74,69,67,61,57,84,66,48,30.03,29.91,29.84,10,10,10,15,7,21,0,6,
9/11/11,73,68,63,62,58,55,87,74,61,30.12,30.07,30.03,10,10,10,13,8,16,T,6,Rain
9/12/11,83,75,67,65,63,57,87,66,45,30.03,29.99,29.94,10,10,10,17,5,21,0,3,
9/13/11,84,77,69,63,60,57,73,58,43,29.96,29.92,29.88,10,10,7,23,8,18,0,1,
9/14/11,86,79,71,68,64,60,79,63,47,29.94,29.91,29.88,10,10,7,17,9,21,0,3,
9/15/11,78,67,55,66,58,40,84,70,55,30.09,29.91,29.83,10,9,7,29,13,35,0.02,5,Rain
9/16/11,66,59,52,41,38,34,64,47,29,30.35,30.25,30.11,10,10,10,17,11,23,0,3,
9/17/11,63,58,53,46,41,35,67,52,36,30.45,30.41,30.35,10,10,10,17,10,23,0,6,
9/18/11,69,63,56,50,46,40,72,55,37,30.43,30.38,30.34,10,10,10,21,12,24,0,4,
9/19/11,68,61,54,52,48,45,72,60,48,30.34,30.22,29.61,10,10,10,13,8,,0,4,
9/20/11,69,66,62,61,58,52,93,80,67,30.17,30.12,30.09,10,10,5,13,7,18,0.06,7,Rain
9/21/11,74,69,64,66,62,60,93,79,64,30.23,30.2,30.16,10,9,5,15,6,20,0.01,7,Rain
9/22/11,80,74,68,68,66,65,93,79,64,30.16,30.1,30.08,10,9,3,15,6,18,0.02,7,Rain
9/23/11,74,72,69,70,68,66,97,91,84,30.12,30.04,29.94,10,6,0,15,7,18,2.14,8,Fog-Rain
9/24/11,77,74,70,69,67,64,97,83,69,30.07,29.99,29.92,10,10,10,13,4,18,0,7,
9/25/11,80,75,70,68,65,61,90,72,54,30.1,30.05,30.01,10,10,10,8,3,14,0,7,
9/26/11,80,75,70,67,66,64,90,76,62,30.02,29.98,29.93,10,10,7,14,5,20,0,6,
9/27/11,77,73,68,68,66,64,97,83,69,29.99,29.96,29.93,10,6,0,13,7,16,T,7,
9/28/11,75,72,68,68,66,64,90,82,74,29.98,29.93,29.85,10,9,2,18,11,23,0.2,8,Rain
9/29/11,76,70,63,70,64,52,97,78,58,29.84,29.69,29.59,10,8,1,24,11,41,0.43,7,Rain-Thunderstorm
9/30/11,77,68,59,63,55,46,87,64,41,29.73,29.68,29.62,10,10,5,20,9,24,0.54,4,Rain
10/1/11,66,58,50,56,52,43,93,80,66,29.75,29.68,29.6,10,9,7,18,9,24,0.23,7,Rain
10/2/11,65,58,50,52,46,42,86,67,48,29.92,29.79,29.7,10,10,6,25,9,37,0.09,6,Rain
10/3/11,58,54,49,46,42,37,77,64,51,30.05,30.02,29.92,10,10,10,12,6,15,0.02,6,Rain
10/4/11,64,58,51,50,48,45,83,70,56,30.04,30.01,29.98,10,10,10,23,12,28,T,5,
10/5/11,72,64,55,50,44,29,77,53,29,30.29,30.08,30.01,10,10,10,24,15,31,0,1,
10/6/11,69,60,51,39,33,28,54,38,22,30.37,30.31,30.25,10,10,10,14,7,20,0,1,
10/7/11,67,59,50,46,37,27,72,47,22,30.49,30.43,30.33,10,10,10,10,6,14,0,1,
10/8/11,80,68,55,50,46,41,72,52,32,30.5,30.44,30.38,10,10,10,9,4,17,0,0,
10/9/11,85,74,62,56,51,49,67,48,29,30.41,30.34,30.28,10,10,10,9,4,12,0,0,
10/10/11,82,74,65,57,53,50,73,54,35,30.27,30.21,30.13,10,10,10,13,5,17,0,5,
10/11/11,73,68,62,59,50,37,78,55,31,30.21,30.17,30.13,10,10,10,15,9,24,0,6,
10/12/11,63,62,60,56,52,48,84,74,64,30.17,30.09,29.94,10,10,10,23,15,28,0.03,8,Rain
10/13/11,67,63,59,63,59,56,97,91,84,29.91,29.79,29.68,10,5,1,21,10,24,0.15,8,Rain
10/14/11,71,65,59,66,62,44,100,78,55,29.65,29.5,29.36,10,7,1,24,13,33,0.58,7,Rain-Thunderstorm
10/15/11,66,61,55,44,38,33,61,45,29,29.78,29.65,29.55,10,10,10,29,16,38,0,3,
10/16/11,68,62,56,42,35,30,48,40,32,29.91,29.81,29.66,10,10,10,24,15,33,T,4,
10/17/11,67,63,58,48,37,28,72,48,24,29.8,29.73,29.64,10,10,10,22,13,29,T,3,Rain
10/18/11,69,63,57,50,38,29,69,46,22,29.89,29.85,29.79,10,10,10,12,6,16,0.01,6,
10/19/11,64,62,60,60,58,50,97,83,69,29.87,29.63,29.4,10,5,2,31,18,38,1.09,8,Rain
10/20/11,68,61,54,66,54,38,100,70,40,29.71,29.45,29.33,10,7,2,26,16,37,T,6,Rain
10/21/11,57,54,51,41,37,36,64,56,47,30.01,29.89,29.72,10,10,10,23,13,28,0,4,
10/22/11,60,55,49,41,39,37,71,58,44,30.11,30.05,30.02,10,10,10,16,9,22,0,2,
10/23/11,60,56,52,43,37,33,66,52,37,30.16,30.11,30.08,10,10,10,14,4,17,0,6,
10/24/11,61,56,50,48,44,42,77,65,53,30.13,30.06,29.96,10,10,8,15,8,20,T,6,Rain
10/25/11,63,58,53,48,37,26,72,49,25,30.06,30.01,29.96,10,10,10,26,12,37,0,1,
10/26/11,63,57,51,49,43,36,66,55,43,30.05,29.87,29.74,10,10,10,15,7,20,0,6,
10/27/11,61,51,40,55,46,33,93,79,64,29.95,29.68,29.6,10,6,2,26,12,33,0.58,8,Rain
10/28/11,50,44,38,34,27,22,79,58,36,30.26,30.16,29.98,10,10,10,16,9,20,0,6,
10/29/11,46,40,33,36,33,28,96,75,53,30.24,30,29.84,10,4,0,29,16,37,1.77,8,Fog-Rain-Snow
10/30/11,48,42,35,32,29,26,89,67,45,30.34,30.12,29.91,10,9,5,23,14,30,0.01,3,Snow
10/31/11,53,46,39,38,34,30,76,60,44,30.4,30.36,30.32,10,10,10,14,5,18,0,5,
11/1/11,55,51,46,39,35,29,76,57,38,30.35,30.31,30.27,10,10,10,18,9,23,0,4,
11/2/11,59,52,44,39,36,32,66,55,43,30.42,30.34,30.26,10,10,10,12,5,15,0,1,
11/3/11,60,53,46,45,41,38,76,61,46,30.25,30.08,29.93,10,10,10,15,8,20,0,4,
11/4/11,53,47,41,43,32,22,74,54,33,30.27,30.05,29.9,10,10,10,24,13,31,0,5,
11/5/11,50,44,37,25,23,21,59,47,34,30.48,30.42,30.28,10,10,10,16,6,20,0,0,
11/6/11,55,47,39,39,33,25,66,55,43,30.55,30.47,30.4,10,10,10,16,6,20,0,1,
11/7/11,63,54,45,43,41,37,83,63,43,30.38,30.3,30.24,10,10,10,10,6,14,0,2,
11/8/11,67,59,51,48,44,41,72,59,46,30.27,30.24,30.21,10,10,8,9,4,14,0,0,
11/9/11,64,57,49,55,49,43,100,74,48,30.21,30.15,30.01,10,5,0,17,6,23,0,3,Fog
11/10/11,65,57,48,56,52,43,100,80,60,30,29.82,29.62,10,6,0,23,7,29,T,7,Fog-Rain
11/11/11,49,46,42,43,29,22,86,60,34,30.01,29.75,29.61,10,10,10,30,18,46,0.01,4,Rain
11/12/11,57,49,40,32,27,23,54,40,25,30.13,30.09,30.02,10,10,10,21,12,28,0,0,
11/13/11,59,53,46,45,37,32,71,56,40,30.16,30.06,29.95,10,10,10,16,9,22,0,5,
11/14/11,69,62,54,52,44,31,72,55,38,29.95,29.86,29.74,10,10,10,16,10,29,0,5,
11/15/11,65,62,58,52,50,46,67,60,52,29.96,29.85,29.73,10,10,10,17,8,24,T,7,Rain
11/16/11,59,57,54,54,53,49,93,83,72,29.95,29.79,29.7,10,5,2,14,6,21,0.62,8,Rain
11/17/11,54,48,41,48,32,22,83,62,41,30.04,29.87,29.77,10,10,5,26,13,32,0.07,7,Rain
11/18/11,46,42,37,23,19,16,54,43,31,30.44,30.33,30.07,10,10,10,22,12,30,0,1,
11/19/11,51,45,39,42,27,21,77,54,30,30.45,30.37,30.25,10,10,10,18,10,23,0,5,
11/20/11,64,57,49,47,44,41,80,64,48,30.23,30.13,30.07,10,10,10,18,11,25,0,6,
11/21/11,59,53,47,50,36,29,89,64,38,30.31,30.25,30.12,10,10,7,16,7,18,0.08,7,Rain
11/22/11,52,48,44,45,42,37,93,80,66,30.37,30.26,29.98,10,7,3,21,10,26,1.32,8,Rain
11/23/11,55,48,41,54,42,33,96,83,70,29.99,29.75,29.58,10,8,2,24,13,33,0.46,7,Rain
11/24/11,55,47,39,34,31,28,76,59,41,30.18,30.14,30.02,10,10,10,17,9,23,0,3,
11/25/11,62,54,46,36,34,33,60,48,36,30.19,30.14,30.1,10,10,10,15,9,20,0,3,
11/26/11,66,57,48,41,33,27,68,47,25,30.22,30.18,30.13,10,10,10,10,4,13,0,5,
11/27/11,62,53,43,49,45,38,86,71,55,30.17,30.14,30.1,10,10,10,15,6,20,0,5,
11/28/11,67,61,54,53,50,48,86,69,52,30.15,30.11,30.08,10,10,10,15,8,20,0,6,
11/29/11,66,59,52,59,54,46,93,83,73,30.07,29.85,29.67,10,7,2,26,13,37,0.29,8,Rain
11/30/11,52,48,43,45,35,29,83,63,42,29.96,29.73,29.65,10,10,10,28,15,33,0,6,
12/1/11,50,44,38,30,24,18,62,48,33,30.32,30.17,29.98,10,10,10,24,12,31,0,0,
12/2/11,52,46,39,31,27,23,64,48,32,30.52,30.35,30.27,10,10,10,24,9,30,0,3,
12/3/11,45,41,37,31,28,24,65,59,53,30.68,30.62,30.52,10,10,10,15,7,17,0,3,
12/4/11,54,47,39,47,39,30,86,70,54,30.6,30.51,30.41,10,10,8,16,5,22,0,5,
12/5/11,56,52,48,52,48,46,100,89,77,30.39,30.32,30.2,10,4,0,10,5,15,0,7,Fog
12/6/11,61,58,55,59,55,51,93,87,80,30.17,30.01,29.91,10,7,2,14,7,18,0.26,8,Rain
12/7/11,61,52,43,58,49,39,93,90,86,29.89,29.67,29.4,10,4,2,31,9,40,1.38,8,Rain
12/8/11,45,41,37,39,27,23,89,67,45,30.33,29.98,29.43,10,9,4,37,18,48,0.2,4,Rain
12/9/11,53,45,36,40,31,23,66,54,41,30.36,30.28,30.21,10,10,10,15,9,20,T,5,
12/10/11,48,41,33,34,22,11,60,48,35,30.51,30.31,30.18,10,10,10,21,12,25,0,4,
12/11/11,41,36,31,17,14,11,53,42,30,30.65,30.6,30.51,10,10,10,13,7,17,0,0,
12/12/11,44,39,33,19,16,10,52,40,27,30.62,30.53,30.44,10,10,10,10,5,15,0,5,
12/13/11,47,41,34,30,21,16,62,47,31,30.43,30.37,30.32,10,10,10,16,8,20,0,1,
12/14/11,48,44,39,37,32,29,70,60,50,30.42,30.37,30.32,10,10,10,13,6,16,0,4,
12/15/11,60,54,47,47,42,37,77,66,55,30.3,30.01,29.78,10,10,8,23,12,29,T,7,Rain
12/16/11,59,51,42,48,28,19,72,55,37,30.15,30.02,29.75,10,10,10,35,15,44,0,6,
12/17/11,42,37,31,26,22,16,64,54,43,30.16,30.11,30.06,10,10,10,22,13,26,0,5,
12/18/11,31,27,23,15,10,3,60,46,31,30.33,30.25,30.15,10,10,10,16,8,20,0,2,
12/19/11,47,36,25,28,22,9,64,53,42,30.3,30.13,29.98,10,10,10,24,10,33,0,5,
12/20/11,48,45,41,36,31,25,79,62,45,30.21,30.13,29.97,10,10,10,7,9,8,0.01,8,Rain
12/21/11,61,51,40,55,46,36,89,83,76,30.17,29.94,29.68,10,7,1,31,7,44,0.08,8,Rain
12/22/11,57,53,48,45,39,35,71,59,47,30.1,30.01,29.81,10,10,10,28,10,37,0.05,6,Rain
12/23/11,49,43,36,45,36,22,93,72,51,30.22,29.98,29.81,10,8,3,24,13,31,0.76,5,Rain
12/24/11,37,34,30,21,17,12,63,52,40,30.48,30.38,30.22,10,10,10,20,9,23,0,2,
12/25/11,46,38,29,33,24,12,65,55,45,30.42,30.19,29.9,10,10,10,17,8,23,0,6,
12/26/11,45,42,38,30,26,23,62,52,41,30.29,30.14,29.91,10,10,10,28,14,33,T,2,
12/27/11,58,48,37,54,43,25,93,73,53,30.22,29.65,29.31,10,7,1,37,14,48,1.17,7,Rain
12/28/11,50,41,32,38,25,14,71,57,43,29.85,29.58,29.39,10,10,10,32,19,43,0,4,
12/29/11,37,31,25,23,12,5,56,43,30,30.06,29.99,29.86,10,10,10,29,13,36,0,4,
12/30/11,50,44,37,43,32,24,80,61,42,30.06,30.01,29.95,10,10,10,13,5,16,0,6,
12/31/11,53,50,46,45,41,37,86,73,59,30.02,29.89,29.81,10,10,9,20,8,24,0.01,5,
1/1/12,51,46,41,45,39,35,86,70,54,30.11,29.93,29.67,10,10,7,22,10,26,0.06,4,Rain
1/2/12,50,42,33,38,18,13,74,53,32,29.82,29.76,29.68,10,10,10,29,18,39,0,3,
1/3/12,34,25,16,20,10,1,63,50,36,30.14,29.95,29.81,10,10,10,30,18,36,0,2,
1/4/12,28,21,14,12,3,-4,59,43,26,30.23,30.12,29.98,10,10,10,24,12,30,0,4,
1/5/12,41,35,28,21,16,11,52,46,40,29.97,29.92,29.84,10,10,10,24,11,30,0,6,
1/6/12,53,44,35,28,26,22,64,50,35,29.95,29.84,29.74,10,10,10,20,9,24,0,5,
1/7/12,62,53,44,35,30,25,58,44,30,29.98,29.8,29.72,10,10,10,22,10,29,0,3,
1/8/12,46,40,33,28,22,15,53,48,42,30.32,30.19,30,10,10,10,21,12,29,0,5,
1/9/12,40,36,32,27,18,10,64,47,30,30.33,30.21,29.99,10,10,10,16,6,21,0,5,
1/10/12,47,41,34,26,24,19,69,56,42,30,29.94,29.86,10,10,9,21,10,25,0,4,
1/11/12,47,42,36,37,28,23,76,59,41,30.1,30.01,29.84,10,10,8,16,7,20,0.07,4,Rain
1/12/12,46,44,41,43,40,37,96,89,82,29.81,29.55,29.43,10,6,2,39,14,49,0.97,8,Rain
1/13/12,50,40,29,45,30,8,93,66,39,29.82,29.47,29.25,10,8,1,33,19,46,0.02,6,Rain
1/14/12,32,30,27,16,14,11,53,48,43,30.09,29.96,29.83,10,10,10,24,16,32,0,6,
1/15/12,27,22,16,10,1,-5,56,44,32,30.6,30.36,30.1,10,10,10,25,16,32,0,2,
1/16/12,37,27,17,27,13,0,64,50,36,30.61,30.42,30.17,10,10,8,18,8,24,0.02,5,Rain-Snow
1/17/12,53,45,36,44,37,28,92,81,70,30.15,29.85,29.55,10,9,5,18,9,24,0.19,7,Rain
1/18/12,55,40,25,44,18,2,71,53,35,30.19,29.92,29.56,10,10,10,33,20,41,0,3,
1/19/12,37,29,20,24,13,3,64,50,36,30.27,30.13,29.94,10,10,10,21,10,25,0,5,
1/20/12,37,31,25,21,10,4,63,47,31,30.3,30.17,29.94,10,10,10,26,13,32,0,4,
1/21/12,28,25,22,22,19,9,88,65,42,30.31,30.13,29.99,10,5,0,20,12,23,0.3,8,Fog-Rain-Snow
1/22/12,35,27,19,27,18,9,75,69,62,30.54,30.47,30.35,10,10,10,17,11,23,0,5,
1/23/12,52,43,33,49,39,28,93,84,75,30.42,30.12,29.89,10,4,0,22,11,25,0.28,8,Rain
1/24/12,53,48,43,48,37,29,89,69,49,30.12,30,29.89,10,10,10,22,12,25,0,6,
1/25/12,44,41,37,30,25,23,62,56,49,30.31,30.24,30.14,10,10,10,22,13,28,0,7,
1/26/12,40,37,33,36,30,23,92,73,54,30.24,30.11,29.83,10,8,2,14,7,22,0.21,8,Rain-Snow
1/27/12,60,49,38,55,43,28,100,75,50,29.85,29.55,29.33,10,6,0,33,14,45,0.39,7,Fog-Rain
1/28/12,46,43,39,31,24,12,58,44,29,30.04,29.96,29.87,10,10,10,30,12,41,0,4,
1/29/12,44,39,34,15,11,9,35,31,27,30.21,30.11,30.02,10,10,10,26,14,33,0,3,
1/30/12,40,37,34,21,13,8,52,41,29,30.31,30.21,30.02,10,10,10,30,15,37,0,4,
1/31/12,59,49,38,29,24,12,54,41,28,30.24,30.11,30.02,10,10,10,21,11,26,0,5,
2/1/12,63,56,48,40,35,28,61,49,36,30.01,29.94,29.87,10,10,10,26,15,38,0.03,5,Rain
2/2/12,50,44,37,31,28,21,65,57,49,30.24,30.07,30,10,10,10,23,12,29,0,7,
2/3/12,44,38,31,21,18,15,54,44,33,30.45,30.37,30.26,10,10,10,23,14,30,0,2,
2/4/12,46,41,36,23,21,19,52,43,34,30.33,30.21,30.12,10,10,10,15,8,18,0,6,
2/5/12,41,37,33,20,17,15,56,47,37,30.18,30.14,30.1,10,10,10,18,8,24,0,3,
2/6/12,52,43,34,24,21,17,52,41,30,30.17,30.06,29.96,10,10,10,21,11,28,0,0,
2/7/12,47,44,40,27,25,22,53,47,40,30.24,30.08,29.96,10,10,10,22,12,26,0,2,
2/8/12,40,36,32,29,20,10,82,60,38,30.32,30.21,30.1,10,8,2,15,7,17,0.01,7,Snow
2/9/12,47,40,32,28,21,13,82,54,25,30.14,30.1,30.06,10,10,6,18,11,24,T,1,Snow
2/10/12,46,41,36,28,22,16,70,52,33,30.14,30.04,29.93,10,10,9,20,8,24,T,5,Rain
2/11/12,38,35,32,31,27,18,89,68,47,29.9,29.74,29.57,10,6,1,24,9,31,0.07,8,Rain-Snow
2/12/12,33,27,21,21,9,0,63,49,35,29.98,29.84,29.68,10,10,5,32,19,44,T,5,Snow
2/13/12,44,37,29,16,13,10,50,38,25,30.04,30,29.94,10,10,10,24,16,32,0,3,
2/14/12,47,43,38,35,19,10,65,44,23,30.12,30.07,30.02,10,10,10,23,6,30,0.02,7,Rain
2/15/12,45,42,39,37,35,29,85,72,58,30.28,30.17,30.07,10,8,5,16,7,20,0.01,7,Rain
2/16/12,45,40,35,39,34,26,89,73,57,30.3,30.17,30.03,10,9,6,14,5,21,0.15,7,Rain
2/17/12,50,46,42,43,32,18,89,60,31,30.02,29.98,29.92,10,9,4,25,12,31,0.02,5,Rain
2/18/12,47,42,37,34,23,14,70,49,28,30.09,30,29.88,10,10,10,21,11,25,0.02,3,Rain
2/19/12,45,40,35,26,21,17,64,50,36,30.09,30.03,29.94,10,10,10,17,9,22,0,5,
2/20/12,46,39,32,19,15,11,56,41,25,30.34,30.16,29.99,10,10,10,24,12,31,0,4,
2/21/12,48,40,31,36,25,15,65,50,35,30.36,30.16,29.86,10,10,10,25,10,33,T,5,Rain
2/22/12,57,51,45,41,33,23,77,51,25,29.84,29.68,29.49,10,10,10,20,12,25,0,6,
2/23/12,58,52,45,41,32,24,82,56,30,29.77,29.55,29.39,10,10,10,28,11,37,0,6,
2/24/12,46,42,37,41,35,24,89,67,45,29.73,29.56,29.35,10,7,2,29,11,41,0.6,8,Rain
2/25/12,45,40,35,24,19,10,49,40,31,30.02,29.65,29.43,10,10,10,37,25,51,T,3,Snow
2/26/12,44,38,31,21,13,10,52,39,25,30.44,30.34,30.05,10,10,10,30,12,43,0,1,
2/27/12,54,45,36,35,28,14,64,50,35,30.44,30.26,30.08,10,10,10,21,12,25,0,2,
2/28/12,52,47,41,27,21,18,51,41,31,30.39,30.33,30.15,10,10,10,30,13,40,0,3,
2/29/12,44,41,37,38,32,19,92,68,43,30.36,30.04,29.76,10,5,2,25,11,29,0.41,7,Rain
3/1/12,44,40,36,38,35,28,92,84,76,29.98,29.76,29.66,10,8,3,24,12,29,0.09,8,Rain
3/2/12,44,39,33,38,30,25,79,72,64,30.14,30.02,29.81,10,9,3,22,10,29,0.19,8,Rain
3/3/12,57,50,42,46,35,12,96,58,19,29.78,29.57,29.46,10,7,0,26,12,35,0.12,6,Fog-Rain
3/4/12,46,42,37,24,19,16,54,44,33,29.76,29.67,29.58,10,10,8,25,12,35,0,6,
3/5/12,44,37,30,22,10,-2,56,40,23,30.39,30.04,29.77,10,10,10,28,15,36,0,3,
3/6/12,44,36,27,25,12,4,54,38,22,30.64,30.56,30.41,10,10,10,25,11,31,0,1,
3/7/12,63,51,38,41,31,23,64,45,25,30.59,30.45,30.32,10,10,10,18,10,24,0,3,
3/8/12,72,62,52,46,45,42,71,55,38,30.31,30.09,29.83,10,10,10,26,15,36,0,5,
3/9/12,64,51,38,46,25,16,70,48,26,30.27,30.08,29.82,10,10,6,36,16,43,0.02,6,Rain
3/10/12,43,37,30,12,10,8,44,35,25,30.53,30.45,30.28,10,10,10,29,11,37,0,3,
3/11/12,60,49,38,27,21,15,48,36,23,30.53,30.43,30.32,10,10,10,20,12,26,0,1,
3/12/12,69,58,47,40,33,27,53,39,24,30.35,30.25,30.13,10,10,10,16,8,20,0,6,
3/13/12,74,64,53,53,49,41,83,65,46,30.11,30,29.91,10,10,9,17,9,22,0.05,5,Rain
3/14/12,70,58,46,51,30,14,71,41,11,30.2,30.09,29.97,10,10,10,21,10,26,0,1,
3/15/12,51,47,43,40,39,37,83,72,61,30.33,30.29,30.22,10,10,6,14,10,17,T,7,
3/16/12,50,46,42,42,40,39,89,82,74,30.3,30.2,30.13,10,7,1,14,6,24,0.03,7,Rain
3/17/12,60,52,43,45,42,40,92,75,57,30.37,30.3,30.18,10,8,6,14,7,17,0,3,
3/18/12,63,55,46,48,43,41,86,72,57,30.37,30.31,30.2,10,8,4,13,7,17,0,4,
3/19/12,72,62,52,53,48,39,83,62,40,30.23,30.2,30.16,10,9,6,18,9,22,0,2,
3/20/12,72,61,50,57,52,48,100,81,61,30.33,30.28,30.23,10,7,0,12,6,16,0,4,Fog
3/21/12,65,59,53,56,53,51,93,83,73,30.37,30.31,30.29,10,4,0,13,8,17,T,8,Fog
3/22/12,76,65,54,57,54,52,93,72,50,30.29,30.2,30.08,10,5,0,16,6,20,0,5,Fog
3/23/12,74,65,56,56,48,33,86,59,31,30.1,30.06,30.03,10,9,5,15,6,20,0,5,
3/24/12,63,58,52,44,30,14,66,42,18,30.09,30.04,30,10,10,8,20,9,33,0,7,Rain
3/25/12,50,48,46,41,39,36,77,69,61,29.99,29.83,29.73,10,10,8,18,10,24,T,7,Rain
3/26/12,55,46,36,43,24,7,77,49,21,30.11,29.84,29.68,10,10,10,36,18,45,0,1,
3/27/12,52,42,32,16,3,-5,32,22,11,30.28,30.21,30.12,10,10,10,23,13,29,0,1,
3/28/12,68,57,46,47,31,10,52,37,21,30.14,29.79,29.55,10,10,10,20,12,26,0.03,5,Rain
3/29/12,62,54,45,45,34,26,59,49,38,30.01,29.78,29.58,10,10,10,25,18,35,0,6,
3/30/12,58,50,42,34,23,15,60,40,20,30.09,30.02,29.96,10,10,10,20,10,23,0.1,4,Rain
3/31/12,44,42,39,38,36,32,85,75,65,30.01,29.91,29.88,10,7,2,23,12,26,0.35,8,Rain
4/1/12,52,48,43,45,37,32,86,67,48,29.9,29.78,29.62,10,8,2,17,6,21,0.56,8,Rain
4/2/12,56,50,43,45,30,14,86,53,20,29.88,29.71,29.6,10,9,2,31,16,40,0.04,4,Rain
4/3/12,63,53,43,23,18,12,39,27,15,29.94,29.85,29.76,10,10,10,22,11,25,0,2,
4/4/12,66,57,48,27,23,13,38,27,16,29.76,29.64,29.52,10,10,10,32,14,43,T,3,
4/5/12,58,51,43,27,24,21,49,37,24,29.93,29.82,29.74,10,10,10,22,11,28,0,1,
4/6/12,58,49,40,23,20,16,48,34,19,30.03,29.96,29.88,10,10,10,23,11,29,0,1,
4/7/12,60,52,44,24,18,12,37,26,15,30.08,30.02,29.94,10,10,10,28,14,37,0,2,
4/8/12,68,58,47,29,20,16,37,26,14,30.01,29.8,29.65,10,10,10,37,14,46,0,3,
4/9/12,64,58,51,28,19,13,38,26,13,29.73,29.67,29.61,10,10,10,35,20,44,0,3,
4/10/12,60,54,48,33,27,19,50,35,20,29.79,29.71,29.65,10,10,10,24,13,31,T,4,
4/11/12,52,48,44,33,29,24,62,49,35,29.9,29.83,29.77,10,10,10,21,12,25,T,6,
4/12/12,59,52,45,34,31,25,65,47,28,30.12,29.99,29.9,10,10,10,25,12,31,T,6,Rain
4/13/12,65,56,47,38,28,19,66,42,18,30.21,30.15,30.1,10,10,10,18,6,24,0,2,
4/14/12,70,62,53,40,30,23,45,31,17,30.22,30.12,30.01,10,10,10,20,9,23,T,5,Rain
4/15/12,78,69,59,53,48,34,64,47,29,30.03,29.99,29.95,10,10,10,22,8,28,T,6,Rain
4/16/12,85,75,65,56,53,51,63,49,34,30.02,29.96,29.9,10,10,10,21,9,26,0,3,
4/17/12,78,70,61,55,38,27,53,34,15,30.15,30.05,29.91,10,10,10,23,12,29,0,3,
4/18/12,62,56,50,41,31,24,59,42,25,30.26,30.19,30.13,10,10,10,21,8,26,0.02,7,Rain
4/19/12,68,59,50,47,44,41,74,57,40,30.12,30.07,30.01,10,10,10,17,7,21,0.03,4,Rain
4/20/12,70,62,54,53,45,37,80,58,35,30.03,29.96,29.86,10,10,9,17,8,23,0,5,
4/21/12,73,64,55,55,54,52,86,72,57,29.86,29.77,29.67,10,8,2,25,11,37,0.35,7,Rain-Thunderstorm
4/22/12,55,51,47,50,45,40,86,77,68,29.79,29.63,29.3,10,6,2,46,17,54,1.9,8,Rain
4/23/12,56,50,43,52,44,33,93,77,60,29.41,29.25,29.14,10,7,0,33,15,40,0.23,8,Rain
4/24/12,61,52,43,40,28,18,67,43,19,29.7,29.52,29.4,10,10,10,23,14,31,0,6,
4/25/12,63,55,47,37,29,22,54,39,23,29.91,29.8,29.72,10,10,10,20,9,24,T,4,
4/26/12,62,55,47,54,46,35,93,71,48,29.92,29.75,29.58,10,7,2,17,7,23,0.03,7,Rain
4/27/12,58,51,43,54,32,24,86,61,35,30.15,29.86,29.58,10,10,4,33,20,40,0.02,3,Rain
4/28/12,61,51,41,26,22,17,51,35,19,30.24,30.16,30.09,10,10,10,20,11,30,0,4,
4/29/12,63,55,46,30,19,11,45,30,14,30.25,30.14,30.06,10,10,10,24,12,33,0,2,
4/30/12,59,53,47,40,25,15,59,40,21,30.35,30.28,30.21,10,10,10,20,10,23,0,5,
5/1/12,68,60,52,54,50,41,93,76,58,30.19,30.03,29.96,10,7,2,17,8,22,0.73,7,Rain-Thunderstorm
5/2/12,54,52,50,48,46,44,83,80,77,30.19,30.16,30.09,10,9,2,15,9,21,0.03,8,Rain
5/3/12,59,55,51,52,49,46,89,82,75,30.18,30.13,30.08,10,9,2,12,6,14,0.32,8,Rain-Thunderstorm
5/4/12,75,65,54,59,55,51,93,75,57,30.11,29.97,29.85,10,8,2,16,6,20,0.26,7,Rain-Thunderstorm
5/5/12,62,58,54,54,52,51,93,83,72,30.05,29.96,29.88,10,6,0,14,7,16,T,8,
5/6/12,65,60,54,52,47,40,86,66,46,30.11,30.08,30.04,10,10,6,15,8,20,0,6,
5/7/12,64,59,53,47,43,39,77,60,43,30.14,30.12,30.1,10,10,10,18,9,25,T,7,Rain
5/8/12,66,61,56,54,49,44,78,69,60,30.1,29.95,29.83,10,10,8,28,16,38,0.04,8,Rain
5/9/12,68,63,57,63,59,54,97,89,80,29.83,29.69,29.58,10,6,2,16,6,21,0.43,8,Rain
5/10/12,64,60,55,54,43,30,86,58,30,29.83,29.61,29.49,10,10,8,31,14,40,0.16,5,Rain
5/11/12,71,61,51,37,31,27,54,38,21,30.11,29.96,29.85,10,10,10,25,13,31,0,2,
5/12/12,79,68,57,46,36,26,43,29,15,30.23,30.16,30.12,10,10,10,21,7,24,0,3,
5/13/12,81,73,65,56,47,41,53,40,27,30.18,30.13,30.07,10,10,10,22,10,24,0,6,
5/14/12,72,68,63,58,56,54,78,66,53,30.16,30.12,30.09,10,10,5,17,9,23,0.01,8,Rain
5/15/12,66,64,61,61,58,54,97,82,67,30.12,30.01,29.94,10,5,0,20,10,25,0.46,8,Fog-Rain
5/16/12,79,70,60,63,60,54,97,73,49,29.94,29.88,29.83,10,5,0,21,7,25,0.06,7,Fog-Rain
5/17/12,72,64,55,52,38,32,60,43,25,30.13,30.06,29.91,10,10,10,20,8,25,0,4,
5/18/12,73,65,56,49,40,32,72,49,26,30.23,30.19,30.14,10,10,10,14,7,21,0,1,
5/19/12,79,68,56,47,42,36,67,46,24,30.18,30.15,30.11,10,10,10,15,5,22,0,1,
5/20/12,73,66,59,51,45,34,72,49,25,30.24,30.21,30.15,10,10,10,22,11,25,0,4,
5/21/12,62,60,58,58,56,51,93,83,72,30.21,30.12,30,10,4,0,21,13,25,1.08,8,Rain-Thunderstorm
5/22/12,70,65,59,61,59,57,93,83,73,29.98,29.87,29.81,10,6,0,17,10,23,0.16,7,Rain
5/23/12,75,70,64,63,61,60,87,76,64,30.05,29.94,29.86,10,10,9,14,6,20,0.01,7,Rain
5/24/12,70,66,61,63,61,59,93,86,78,30.2,30.14,30.05,10,5,0,16,9,26,0.53,8,Rain-Thunderstorm
5/25/12,73,67,60,65,61,57,97,85,73,30.21,30.17,30.12,10,5,0,14,9,22,T,7,Fog-Rain
5/26/12,85,76,66,70,66,63,93,74,55,30.14,30.11,30.06,10,8,1,18,6,23,0.26,6,Rain-Thunderstorm
5/27/12,82,75,67,68,61,54,90,67,43,30.17,30.09,30.01,10,9,6,20,6,23,0.04,6,Rain-Thunderstorm
5/28/12,90,81,71,67,65,64,79,62,44,29.98,29.93,29.88,10,10,10,16,7,20,T,4,
5/29/12,90,81,71,69,67,60,84,66,47,29.88,29.79,29.69,10,10,7,21,10,29,0.09,3,Rain-Thunderstorm
5/30/12,81,76,70,65,63,56,79,62,45,29.77,29.74,29.7,10,10,10,12,6,16,T,7,Rain
5/31/12,80,74,67,66,53,46,93,62,30,29.93,29.8,29.7,10,10,7,17,9,22,0,2,
6/1/12,74,68,62,61,55,47,78,63,48,30.01,29.95,29.79,10,10,10,28,15,36,0.45,5,Rain
6/2/12,77,71,64,67,58,47,93,66,38,29.77,29.7,29.64,10,8,2,23,12,30,0.66,7,Rain
6/3/12,77,70,62,57,51,45,68,50,31,29.76,29.7,29.64,10,10,5,30,11,38,0.01,4,Rain-Thunderstorm
6/4/12,65,60,54,56,51,45,86,71,56,29.81,29.67,29.61,10,10,4,23,13,29,0.26,7,Rain
6/5/12,65,59,53,54,48,44,78,63,48,29.94,29.87,29.8,10,10,10,17,7,22,T,6,
6/6/12,72,65,57,56,52,48,80,62,44,29.99,29.96,29.93,10,10,10,15,5,20,T,5,
6/7/12,79,71,62,61,55,51,84,62,40,29.97,29.94,29.9,10,10,9,17,5,22,0.1,4,Rain
6/8/12,83,73,63,57,54,48,78,55,31,29.94,29.88,29.81,10,10,9,15,6,20,0,3,
6/9/12,80,75,70,63,57,52,73,60,46,29.98,29.9,29.85,10,10,10,13,5,15,T,6,Rain
6/10/12,82,76,69,65,63,61,84,69,54,30.19,30.07,29.98,10,10,10,14,7,18,0.02,6,Rain
6/11/12,78,72,65,63,58,47,87,60,33,30.25,30.21,30.17,10,10,8,18,10,24,0,6,
6/12/12,74,70,65,67,64,61,100,87,73,30.18,30.03,29.9,10,7,1,21,12,28,0.91,8,Rain
6/13/12,71,68,65,66,64,64,100,92,84,30.06,29.93,29.86,10,7,1,20,10,25,0.59,8,Rain
6/14/12,77,71,65,64,60,57,87,71,54,30.25,30.17,30.06,10,10,10,23,10,28,0,6,
6/15/12,79,72,64,57,53,46,78,58,37,30.3,30.27,30.24,10,10,10,15,7,26,0,3,
6/16/12,79,72,64,57,54,46,78,55,32,30.33,30.28,30.23,10,10,10,17,8,22,0,2,
6/17/12,70,66,61,57,55,53,78,69,59,30.24,30.18,30.11,10,10,10,14,8,21,0,6,
6/18/12,71,65,59,56,54,51,78,68,57,30.16,30.13,30.1,10,10,10,14,8,22,0,5,
6/19/12,78,71,64,66,61,57,84,73,61,30.17,30.13,30.07,10,10,10,17,9,21,0,7,
6/20/12,98,85,72,70,69,66,84,62,39,30.08,30,29.92,10,9,5,17,7,21,0,3,
6/21/12,98,89,79,70,67,64,69,52,35,29.93,29.85,29.77,10,10,10,18,10,25,0,2,
6/22/12,92,82,71,73,69,64,93,69,44,29.82,29.78,29.74,10,7,2,15,7,24,0.56,6,Rain-Thunderstorm
6/23/12,86,78,70,70,62,54,100,67,34,29.98,29.86,29.81,10,9,3,15,8,24,0.11,5,Rain-Thunderstorm
6/24/12,85,78,70,65,58,50,69,51,33,30.01,29.96,29.9,10,10,10,15,6,20,0.05,5,Rain
6/25/12,76,70,64,71,63,53,93,79,64,29.87,29.73,29.64,10,9,0,14,8,22,0.28,7,Rain-Thunderstorm
6/26/12,73,67,60,53,50,47,69,55,41,29.77,29.71,29.68,10,10,10,29,16,37,0,4,
6/27/12,84,76,67,53,49,45,53,42,31,29.82,29.75,29.72,10,10,10,25,15,32,0,3,
6/28/12,91,81,71,60,55,52,53,41,29,29.83,29.77,29.7,10,10,10,18,10,23,0,2,
6/29/12,98,85,72,70,66,59,79,57,35,29.72,29.66,29.61,10,10,7,25,9,32,0.19,4,Rain-Thunderstorm
6/30/12,96,88,80,68,59,52,59,42,24,29.77,29.73,29.66,10,10,10,21,10,25,0,5,
7/1/12,97,87,77,64,63,56,58,46,33,29.85,29.79,29.75,10,10,10,23,9,29,0,2,
7/2/12,88,81,73,58,56,53,57,44,31,29.91,29.88,29.84,10,10,10,18,9,24,0,2,
7/3/12,92,83,73,67,60,55,64,47,30,29.95,29.89,29.82,10,10,10,18,9,23,0,4,
7/4/12,95,84,73,70,66,63,84,62,39,29.85,29.78,29.7,10,10,9,17,10,25,0.05,5,Rain
7/5/12,95,86,77,72,65,50,74,50,25,29.86,29.76,29.71,10,10,10,17,9,22,0,4,
7/6/12,92,83,73,69,65,58,79,57,34,29.93,29.88,29.85,10,10,10,15,7,18,0,2,
7/7/12,97,86,75,70,67,62,65,51,36,29.86,29.82,29.76,10,10,5,28,8,35,0.24,6,Rain-Thunderstorm
7/8/12,92,84,75,73,66,56,94,62,30,29.87,29.83,29.8,10,9,2,17,6,20,0.07,6,Rain-Thunderstorm
7/9/12,86,80,73,61,57,54,56,45,34,29.97,29.92,29.86,10,10,10,15,9,22,0,5,
7/10/12,86,79,72,67,59,52,79,58,37,30.08,30.02,29.96,10,10,10,16,9,21,0,4,
7/11/12,86,79,71,70,64,56,93,67,40,30.18,30.13,30.08,10,10,10,15,7,25,0,6,
7/12/12,89,81,73,65,61,55,73,54,35,30.2,30.17,30.14,10,10,10,18,8,24,0,5,
7/13/12,89,83,76,69,63,57,69,55,40,30.19,30.17,30.14,10,10,10,15,7,20,T,7,Rain
7/14/12,87,81,75,69,63,59,67,55,43,30.19,30.16,30.13,10,10,10,18,9,23,T,7,Rain
7/15/12,92,84,75,74,70,65,79,68,56,30.14,30.03,29.92,10,9,1,17,8,22,0.35,8,Rain-Thunderstorm
7/16/12,91,83,74,69,67,63,87,63,38,29.92,29.85,29.78,10,10,10,16,9,21,0,4,
7/17/12,98,88,77,67,64,60,67,49,30,29.85,29.79,29.73,10,10,10,21,11,29,0,5,
7/18/12,101,88,74,75,71,67,94,65,36,29.89,29.81,29.73,10,8,0,26,8,37,1.83,6,Rain-Thunderstorm
7/19/12,78,75,71,73,65,60,94,79,64,29.99,29.94,29.86,10,10,6,21,9,26,0.01,8,Rain
7/20/12,73,68,63,67,63,61,93,83,73,30.06,30.01,29.94,10,8,2,23,12,28,0.47,8,Rain
7/21/12,78,71,64,62,59,51,93,68,43,30.12,30.08,30.04,10,10,10,14,8,26,0,6,
7/22/12,83,76,69,65,60,55,78,59,40,30.16,30.13,30.11,10,10,10,17,7,22,0,4,
7/23/12,86,80,73,75,70,63,79,70,61,30.1,29.96,29.79,10,8,2,20,9,25,0.07,7,Rain-Thunderstorm
7/24/12,94,86,77,71,67,60,82,59,36,29.78,29.67,29.57,10,10,9,25,12,32,T,3,
7/25/12,86,78,70,63,54,51,54,43,32,29.89,29.83,29.74,10,10,10,22,10,35,0,2,
7/26/12,95,84,73,72,67,57,82,65,48,29.79,29.72,29.61,10,9,2,35,11,49,0.42,7,Rain-Thunderstorm
7/27/12,90,83,75,70,69,66,82,65,47,29.86,29.76,29.67,10,10,10,16,8,22,0,6,
7/28/12,81,76,70,73,70,66,97,83,69,29.95,29.91,29.86,10,8,2,18,11,24,0.26,7,Rain
7/29/12,80,75,70,68,66,64,90,76,62,30.05,29.98,29.92,10,10,10,13,7,22,T,7,Rain-Thunderstorm
7/30/12,81,75,69,68,65,64,90,74,58,30.12,30.08,30.05,10,10,10,16,9,21,0,5,
7/31/12,78,75,71,67,65,64,84,73,62,30.09,30,29.91,10,10,10,16,9,22,0,6,
8/1/12,80,77,73,73,69,66,94,83,71,29.93,29.88,29.84,10,9,3,15,7,20,0.39,7,Rain-Thunderstorm
8/2/12,90,82,73,73,69,64,93,70,46,29.91,29.87,29.84,10,10,7,18,7,24,0,3,
8/3/12,93,85,77,74,71,66,85,66,47,30.09,30,29.92,10,9,6,18,7,23,0,5,
8/4/12,90,84,78,75,72,65,85,65,44,30.2,30.16,30.1,10,10,7,20,9,24,0,4,
8/5/12,91,83,75,75,74,70,91,75,59,30.18,30.07,29.94,10,9,0,25,11,38,0.29,6,Rain-Thunderstorm
8/6/12,88,82,76,73,65,56,94,64,34,30.01,29.98,29.94,10,10,10,22,10,26,0.01,5,Rain
8/7/12,83,77,71,66,60,56,69,56,43,30.02,29.99,29.96,10,10,10,14,7,17,0,6,
8/8/12,87,81,75,74,70,65,87,67,46,29.99,29.96,29.92,10,9,5,13,6,17,0,6,
8/9/12,89,83,76,74,71,65,88,67,46,29.96,29.92,29.88,10,10,9,20,8,24,T,3,
8/10/12,84,78,72,75,73,69,91,80,69,29.89,29.81,29.75,10,9,1,20,9,23,0.31,7,Rain
8/11/12,88,83,77,74,72,69,88,73,57,29.9,29.84,29.8,10,10,10,21,10,25,0,6,
8/12/12,88,82,75,72,63,58,82,59,36,29.94,29.9,29.87,10,10,10,17,8,23,0,5,
8/13/12,87,80,72,61,59,55,68,53,37,30.01,29.96,29.93,10,10,10,16,9,21,0,3,
8/14/12,82,79,75,73,66,58,79,64,48,29.96,29.93,29.88,10,10,9,15,7,22,0.05,6,Rain
8/15/12,79,75,70,72,69,65,93,81,69,29.88,29.85,29.82,10,9,2,24,7,31,0.62,6,Rain-Thunderstorm
8/16/12,86,78,70,70,62,55,100,69,37,29.91,29.87,29.85,10,9,3,16,8,24,0,2,
8/17/12,92,82,72,70,63,57,79,60,41,29.88,29.83,29.76,10,10,9,21,9,25,T,4,Rain-Thunderstorm
8/18/12,81,73,65,65,60,50,87,64,40,29.92,29.87,29.84,10,10,7,17,7,22,0.38,7,Rain-Thunderstorm
8/19/12,76,71,66,57,53,49,63,52,41,29.98,29.95,29.92,10,10,10,10,4,12,0,5,
8/20/12,80,74,68,61,58,54,76,59,42,29.93,29.89,29.84,10,10,10,12,6,18,0,6,
8/21/12,83,76,69,62,59,52,73,54,34,30.09,30.01,29.93,10,10,10,12,7,25,0,7,
8/22/12,83,78,72,66,62,58,84,64,43,30.14,30.11,30.09,10,10,9,16,6,21,0,4,
8/23/12,85,79,72,66,63,59,74,59,43,30.16,30.13,30.1,10,10,7,15,6,21,0,4,
8/24/12,87,80,73,67,63,55,79,58,37,30.18,30.15,30.12,10,10,7,12,6,17,0,7,
8/25/12,84,78,71,72,67,59,93,70,46,30.28,30.24,30.18,10,9,5,17,9,21,0,6,
8/26/12,82,76,70,66,64,62,84,68,51,30.32,30.27,30.23,10,10,10,15,10,23,0,5,
8/27/12,83,77,71,74,70,65,93,78,62,30.22,30.09,29.95,10,9,0,29,9,38,0.77,6,Rain
8/28/12,87,81,75,73,67,58,94,67,40,29.93,29.85,29.79,10,10,3,21,12,26,0.13,4,Rain
8/29/12,80,74,68,60,53,49,68,52,35,30.01,29.96,29.9,10,10,10,16,8,21,0,1,
8/30/12,85,76,66,57,51,41,68,45,22,30.1,30.06,30.01,10,10,10,15,7,18,0,0,
8/31/12,93,83,72,62,57,53,68,47,26,30.05,29.99,29.89,10,10,10,18,11,25,0,1,
9/1/12,89,82,75,70,65,60,79,62,44,30.07,29.98,29.91,10,10,10,20,11,24,0,4,
9/2/12,81,77,72,70,67,65,84,73,62,30.09,30.06,30.01,10,10,10,13,8,15,0,6,
9/3/12,79,75,71,72,66,60,93,74,54,30.16,30.11,30.08,10,10,10,17,11,22,T,8,Rain
9/4/12,81,76,71,76,72,67,94,84,74,30.09,29.98,29.84,10,10,6,18,8,24,0.14,8,Rain
9/5/12,85,81,76,75,71,64,91,75,58,29.83,29.79,29.77,10,10,2,21,9,29,0.48,7,Rain
9/6/12,81,77,72,69,67,64,87,73,58,29.9,29.87,29.82,10,10,10,12,6,20,0,6,
9/7/12,87,81,74,72,69,66,87,72,57,29.93,29.88,29.83,10,10,7,18,8,22,0,4,
9/8/12,83,75,67,75,70,60,93,77,60,29.87,29.74,29.57,10,9,0,29,14,39,1.18,7,Fog-Rain
9/9/12,79,73,66,61,56,50,81,59,37,29.88,29.82,29.77,10,10,10,20,8,25,T,5,Rain
9/10/12,73,67,60,58,49,43,73,56,38,30.14,29.99,29.88,10,10,10,24,13,30,0,1,
9/11/12,75,67,58,54,45,39,62,47,31,30.27,30.23,30.14,10,10,10,13,6,17,0,2,
9/12/12,80,72,64,56,53,49,67,50,33,30.36,30.32,30.28,10,10,10,16,6,20,0,0,
9/13/12,80,73,66,61,57,53,73,58,42,30.37,30.33,30.27,10,10,10,16,8,21,0,0,
9/14/12,80,74,67,62,59,55,81,63,45,30.28,30.19,30.09,10,10,10,17,9,22,0,3,
9/15/12,78,70,62,61,52,47,84,63,41,30.13,30.09,30.05,10,10,10,24,13,30,T,4,
9/16/12,76,69,61,50,48,45,69,52,35,30.13,30.08,30.02,10,10,10,14,8,20,0,4,
9/17/12,79,71,63,59,51,47,70,52,33,30.11,30.06,30.03,10,10,10,18,6,22,0,3,
9/18/12,77,73,69,71,68,61,90,79,68,30.02,29.79,29.65,10,8,2,35,18,52,1.62,8,Rain-Thunderstorm
9/19/12,71,66,61,67,50,41,90,63,36,30.18,29.96,29.73,10,10,10,29,12,37,T,6,Rain
9/20/12,70,64,58,56,52,45,78,67,55,30.21,30.16,30.12,10,10,10,15,10,21,T,5,
9/21/12,74,68,62,57,54,52,78,64,49,30.12,30.07,30.01,10,10,10,14,7,20,0,4,
9/22/12,77,69,60,67,62,57,90,76,61,30,29.89,29.79,10,10,2,26,10,33,0.18,5,Rain-Thunderstorm
9/23/12,69,64,58,59,46,41,72,55,37,30.11,30.01,29.86,10,10,10,24,12,30,0,3,
9/24/12,68,62,56,45,40,34,62,46,29,30.17,30.12,30.09,10,10,10,16,9,21,0,3,
9/25/12,74,65,56,55,47,41,63,51,38,30.2,30.15,30.12,10,10,10,22,11,28,0,3,
9/26/12,77,72,66,63,59,55,73,67,60,30.15,30.07,30.01,10,10,10,18,10,29,T,7,Rain
9/27/12,77,72,67,63,61,57,87,72,57,30.16,30.12,30.05,10,10,9,14,7,18,0.03,7,Rain
9/28/12,71,67,62,65,63,59,100,91,81,30.16,30.03,29.93,10,8,2,12,10,18,1.32,8,Rain
9/29/12,65,62,59,58,55,53,90,79,67,29.94,29.91,29.87,10,10,4,12,6,14,T,8,
9/30/12,69,64,58,55,51,44,93,69,45,29.87,29.83,29.76,10,10,10,20,8,26,0.11,6,
10/1/12,72,64,55,52,47,45,72,57,41,29.96,29.88,29.83,10,10,10,22,11,29,0,3,
10/2/12,70,67,63,65,59,48,100,76,52,30.02,29.99,29.96,10,6,1,16,7,20,0.39,8,Rain
10/3/12,73,69,64,68,66,64,100,92,84,30.11,30.06,29.98,3,1,0,10,5,14,T,8,Fog-Rain
10/4/12,75,72,68,70,68,65,100,90,79,30.13,30.08,30.03,10,4,0,13,5,18,T,7,Rain
10/5/12,80,73,65,65,59,54,93,66,39,30.06,30.01,29.93,10,10,10,13,6,15,0,1,
10/6/12,78,68,57,59,55,44,78,64,50,29.99,29.86,29.75,10,10,10,26,13,36,0,3,
10/7/12,57,54,50,47,42,36,86,68,50,30.12,30.06,30,10,10,6,16,7,22,0.19,6,Rain
10/8/12,56,52,48,45,42,39,80,68,55,30.27,30.22,30.11,10,10,10,14,7,18,0,5,
10/9/12,60,56,52,55,51,44,93,82,71,30.23,30.16,30.08,10,10,5,18,12,24,0.06,8,Rain
10/10/12,69,62,54,58,52,40,100,74,47,30.07,29.93,29.79,10,8,2,26,13,35,0.21,7,Rain
10/11/12,61,55,49,40,34,30,59,46,32,30.2,30.13,29.97,10,10,10,23,12,31,0,1,
10/12/12,57,51,44,41,36,28,66,55,43,30.43,30.19,30.06,10,10,10,30,14,37,T,3,Rain
10/13/12,54,48,42,41,28,21,64,46,28,30.52,30.44,30.31,10,10,10,16,8,23,0,2,
10/14/12,72,63,54,56,49,42,77,61,44,30.29,30.12,29.96,10,10,10,18,12,25,0,5,
10/15/12,78,70,61,63,58,53,87,74,61,29.94,29.74,29.65,10,9,2,18,11,28,0.28,7,Rain
10/16/12,61,56,51,52,40,35,72,58,44,29.92,29.78,29.67,10,10,10,29,14,37,0,2,
10/17/12,63,56,48,47,40,37,71,55,39,30.02,29.97,29.92,10,10,10,13,5,15,0,5,
10/18/12,66,58,50,57,50,45,83,68,52,30.04,30,29.94,10,10,10,20,8,25,T,5,
10/19/12,68,65,62,65,63,57,100,89,78,29.94,29.79,29.67,10,7,1,22,12,31,0.65,8,Rain
10/20/12,72,65,57,64,54,38,100,69,38,29.83,29.71,29.65,10,6,0,21,10,29,0,5,Fog
10/21/12,66,59,52,43,40,37,66,52,37,30.02,29.94,29.84,10,10,10,21,13,26,0,1,
10/22/12,70,62,54,45,42,39,66,52,37,30.11,30.05,30,10,10,10,21,12,25,0,1,
10/23/12,66,62,58,55,49,43,78,63,48,30.12,30.09,30.06,10,10,7,9,4,14,0.02,6,Rain
10/24/12,59,58,56,56,54,52,93,84,75,30.2,30.13,30.09,10,10,7,15,9,17,0.01,8,Rain
10/25/12,64,60,56,54,51,49,83,74,65,30.27,30.24,30.2,10,10,10,10,6,17,0,8,
10/26/12,66,63,59,56,55,52,84,76,68,30.23,30.18,30.11,10,10,10,9,4,14,0,8,
10/27/12,65,62,59,59,55,51,90,79,67,30.1,30,29.91,10,10,10,17,10,21,0,8,
10/28/12,60,58,56,54,49,44,78,70,62,29.9,29.8,29.66,10,10,8,37,21,45,T,8,Rain
10/29/12,63,59,54,61,54,46,93,83,72,29.63,29.04,28.54,10,6,2,64,35,74,0.01,8,Rain
10/30/12,59,54,48,56,46,41,93,77,61,29.49,29.36,29.03,10,10,5,30,18,43,0,7,Rain
10/31/12,55,50,45,40,37,35,71,62,52,29.59,29.54,29.48,10,10,10,14,10,17,0,8,Rain
11/1/12,53,48,42,40,37,35,76,65,54,29.62,29.59,29.56,10,10,10,17,12,17,0,6,
11/2/12,53,49,44,40,35,32,83,66,48,29.76,29.65,29.61,10,10,10,25,14,32,T,8,
11/3/12,51,47,43,37,34,32,76,62,48,29.94,29.84,29.76,10,10,10,29,19,37,0,3,
11/4/12,52,47,41,36,32,29,76,60,44,29.98,29.95,29.91,10,10,10,20,13,25,0,4,
11/5/12,46,42,37,30,26,21,64,53,42,30.18,30.05,29.97,10,10,10,22,12,25,0,5,
11/6/12,43,39,35,27,20,17,59,49,38,30.25,30.18,30.08,10,10,10,14,9,18,0,3,
11/7/12,44,39,33,39,32,24,100,77,54,30.06,29.87,29.76,10,4,0,30,20,43,0.76,8,Fog-Rain-Snow
11/8/12,50,43,35,34,27,22,92,69,45,29.91,29.79,29.73,10,9,3,29,17,39,0.12,7,Rain-Snow
11/9/12,54,47,39,36,29,24,64,51,38,30.21,30.06,29.92,10,10,10,24,14,28,0,1,
11/10/12,55,51,46,45,40,34,71,65,59,30.43,30.31,30.2,10,9,6,13,5,16,0,6,
11/11/12,65,55,45,52,49,44,93,77,60,30.49,30.46,30.42,10,8,4,14,6,16,0,3,
11/12/12,65,57,49,59,55,48,100,87,73,30.47,30.35,30.19,10,6,0,21,9,28,0,7,Fog
11/13/12,59,50,41,58,43,29,93,73,53,30.45,30.28,30.12,10,10,6,26,12,37,0.01,7,Rain
11/14/12,49,44,39,29,27,25,65,55,45,30.53,30.48,30.45,10,10,10,18,11,23,0,2,
11/15/12,45,42,38,32,27,24,70,60,49,30.46,30.39,30.3,10,10,10,18,8,24,0,6,
11/16/12,48,44,39,29,27,25,64,55,45,30.44,30.34,30.29,10,10,10,15,8,18,0,6,
11/17/12,52,46,40,34,30,26,62,53,44,30.63,30.57,30.44,10,10,10,15,8,21,0,0,
11/18/12,49,45,40,37,34,30,76,68,60,30.67,30.62,30.57,10,10,10,15,9,20,0,4,
11/19/12,49,44,39,40,36,33,79,73,66,30.55,30.42,30.26,10,10,10,17,8,22,0,5,
11/20/12,49,45,41,39,34,31,79,65,50,30.23,30.17,30.12,10,10,10,12,6,22,0,6,
11/21/12,54,49,43,39,33,29,76,59,41,30.24,30.19,30.14,10,10,10,14,7,17,0,3,
11/22/12,54,49,43,43,39,35,82,71,59,30.27,30.21,30.13,10,10,10,10,4,15,0,1,
11/23/12,55,48,41,48,43,39,100,80,59,30.12,29.92,29.68,10,9,6,15,7,20,0.03,4,Rain
11/24/12,52,45,37,42,24,18,56,48,39,29.85,29.75,29.67,10,10,10,31,19,41,0,4,
11/25/12,41,39,36,22,20,16,52,48,44,29.97,29.9,29.85,10,10,10,25,16,33,0,5,
11/26/12,49,44,38,24,22,20,52,42,31,30.25,30.1,29.96,10,10,10,20,9,24,0,4,
11/27/12,43,39,35,36,32,23,92,69,45,30.3,30.24,30.21,10,8,4,16,8,23,0.43,8,Rain-Snow
11/28/12,42,40,37,31,26,22,92,71,49,30.28,30.22,30.17,10,10,10,23,11,26,0,5,
11/29/12,44,41,37,27,23,20,59,49,39,30.36,30.31,30.27,10,10,10,21,13,26,0,2,
11/30/12,47,43,39,36,29,23,79,62,45,30.45,30.38,30.31,10,10,10,18,9,23,0,7,
12/1/12,42,40,38,40,36,32,93,86,79,30.53,30.47,30.43,10,9,4,22,15,25,0,8,
12/2/12,52,47,41,48,44,39,100,87,74,30.41,30.27,30.12,10,4,0,12,6,15,0.03,8,Fog-Rain
12/3/12,61,54,47,49,46,43,89,72,55,30.27,30.19,30.1,10,9,5,16,6,21,0,5,
12/4/12,60,53,46,54,50,44,100,89,78,30.28,30.18,29.98,10,6,0,15,7,23,0.05,7,Fog-Rain
12/5/12,59,48,36,52,37,22,86,65,43,30.23,30.04,29.91,10,10,10,31,16,40,0.01,5,Rain
12/6/12,41,37,32,22,18,15,64,49,34,30.37,30.3,30.23,10,10,10,20,8,23,0,4,
12/7/12,48,43,37,44,35,21,86,69,52,30.28,30.16,30.02,10,9,5,10,5,15,0.1,7,Rain
12/8/12,51,48,44,47,45,43,100,92,83,30.01,29.94,29.88,8,3,0,10,5,13,0.36,8,Rain
12/9/12,51,47,43,48,41,33,93,79,65,30.25,30.15,30.01,10,7,2,20,9,24,0.3,8,Rain
12/10/12,60,53,45,57,51,43,100,92,84,29.98,29.73,29.55,7,3,0,16,6,18,0.03,8,Fog-Rain
12/11/12,59,51,42,55,35,26,93,70,46,30.2,29.88,29.57,10,10,6,24,11,29,0.01,7,Rain
12/12/12,44,42,39,25,23,21,54,47,40,30.43,30.35,30.2,10,10,10,14,7,16,0,6,
12/13/12,47,43,38,29,25,23,64,51,38,30.46,30.4,30.32,10,10,10,12,5,16,0,3,
12/14/12,50,44,37,27,24,21,59,46,32,30.32,30.23,30.15,10,10,10,16,9,21,0,3,
12/15/12,47,44,40,32,29,27,70,58,45,30.32,30.26,30.21,10,10,10,12,7,21,0,6,
12/16/12,49,46,43,43,40,33,92,77,62,30.2,30.05,29.91,10,6,1,22,13,28,0.31,8,Rain
12/17/12,44,43,41,43,40,37,100,92,83,29.91,29.83,29.63,10,6,1,24,14,28,0.25,8,Rain
12/18/12,55,50,44,45,42,32,93,77,60,29.61,29.52,29.46,10,6,1,28,13,36,0.68,7,Rain
12/19/12,48,45,41,32,28,25,62,54,45,30.12,29.84,29.63,10,10,10,29,19,38,0,2,
12/20/12,48,43,37,43,30,24,83,67,51,30.21,30.09,29.82,10,10,9,17,8,22,0.01,6,Rain
12/21/12,60,49,38,54,40,25,86,69,51,29.81,29.3,29.1,10,8,2,43,21,61,0.84,8,Rain
12/22/12,40,39,37,30,24,18,76,58,40,29.83,29.54,29.34,10,10,10,33,21,46,T,6,Rain-Snow
12/23/12,43,40,37,22,20,12,52,41,29,29.96,29.9,29.83,10,10,10,23,11,33,0,4,
12/24/12,40,37,33,34,24,19,89,67,44,30.09,30.02,29.95,10,8,2,15,7,17,0.08,6,Rain-Snow
12/25/12,42,38,33,36,31,24,92,76,59,30.26,30.05,29.91,10,8,2,18,11,24,0.06,7,Rain
12/26/12,42,36,29,38,28,19,89,75,61,30.28,30.04,29.48,10,6,1,39,19,49,0.53,7,Rain-Snow
12/27/12,42,37,32,38,32,20,92,76,59,29.84,29.48,29.28,10,7,2,38,23,48,0.38,8,Rain-Thunderstorm
12/28/12,38,35,31,24,22,19,64,58,52,30.08,30.01,29.85,10,10,10,28,14,38,0,3,
12/29/12,36,34,32,34,28,22,96,80,63,30.04,29.7,29.5,10,6,1,21,11,25,0.26,8,Rain-Snow
12/30/12,36,33,30,25,18,14,69,55,40,30.17,29.91,29.6,10,10,10,38,23,47,0,2,
12/31/12,41,36,30,23,18,12,58,51,44,30.19,30.07,29.89,10,10,10,24,14,29,0,6,
1/1/13,41,34,27,28,22,12,59,51,43,30.01,29.9,29.85,10,10,9,24,15,35,T,nan,Rain
1/2/13,34,29,23,16,12,9,55,48,41,30.18,30.06,30.01,10,10,10,24,14,28,0,nan,
1/3/13,34,30,25,18,15,12,63,52,41,30.2,30.13,30.06,10,10,10,18,11,26,0,nan,
1/4/13,39,36,33,21,19,18,56,50,44,30.09,30.02,29.95,10,10,10,24,15,31,0,nan,
1/5/13,43,39,34,22,19,16,52,46,39,30.26,30.2,30.03,10,10,10,28,10,33,0,nan,
1/6/13,47,41,34,31,26,21,82,60,38,30.22,30.08,29.97,10,9,6,18,10,24,T,nan,Snow
1/7/13,45,42,38,29,24,19,64,51,37,30.4,30.28,30.06,10,10,10,18,9,23,0,nan,
1/8/13,49,43,37,31,27,23,64,55,46,30.43,30.38,30.35,10,10,10,20,8,24,0,nan,
1/9/13,51,44,36,36,32,27,85,70,54,30.39,30.28,30.13,10,9,5,25,9,36,0,nan,
1/10/13,48,44,40,30,25,21,54,44,34,30.55,30.44,30.25,10,10,10,25,12,35,0,nan,
1/11/13,45,41,37,43,34,24,100,77,54,30.53,30.29,30.1,10,7,1,12,7,20,0.49,nan,Rain
1/12/13,46,44,42,43,42,41,100,96,92,30.18,30.13,30.07,7,2,0,13,6,15,0.05,nan,"Fog , Rain"
1/13/13,50,46,42,48,44,41,100,93,86,30.16,30.09,30.01,10,2,0,13,5,16,T,nan,Fog
1/14/13,55,47,39,52,43,30,100,75,50,30.3,30.09,29.96,10,6,0,20,9,28,0.06,nan,"Fog , Rain"
1/15/13,40,38,36,32,27,23,82,68,54,30.34,30.28,30.22,10,10,8,14,8,17,0.11,nan,Rain
1/16/13,40,37,33,34,31,27,96,83,70,30.21,30,29.87,10,6,3,21,8,24,0.67,nan,Rain
1/17/13,44,40,36,32,26,23,76,63,49,30.09,30.02,29.92,10,10,10,21,11,24,0,nan,
1/18/13,36,31,26,22,9,1,59,44,28,30.48,30.34,30.02,10,10,9,20,12,25,T,nan,Snow
1/19/13,52,42,31,26,21,9,61,46,30,30.4,30.18,29.93,10,10,10,22,14,30,0,nan,
1/20/13,54,43,31,27,21,7,53,35,16,30.04,29.83,29.69,10,10,10,35,17,48,0,nan,
1/21/13,32,30,28,18,11,6,58,47,36,30.1,29.98,29.84,10,10,10,22,9,30,0,nan,
1/22/13,29,22,15,12,3,-6,63,47,31,30.21,30.03,29.83,10,10,9,26,20,36,T,nan,
1/23/13,20,16,12,1,-3,-7,58,46,33,30.26,30.21,30.17,10,10,10,24,14,29,0,nan,
1/24/13,25,20,15,4,1,-1,59,47,35,30.39,30.25,30.14,10,10,10,30,16,38,0,nan,
1/25/13,25,20,14,18,8,0,77,56,35,30.42,30.24,30.07,10,7,1,24,9,30,0.04,nan,Snow
1/26/13,29,24,18,13,9,5,73,56,39,30.37,30.17,30.05,10,10,10,23,15,31,0,nan,
1/27/13,35,28,21,13,9,7,62,47,32,30.52,30.46,30.38,10,10,10,20,11,25,0,nan,
1/28/13,37,33,29,32,24,11,89,66,43,30.48,30.26,30.01,10,5,1,15,8,20,0.22,nan,"Rain , Snow"
1/29/13,46,42,37,39,35,33,92,84,76,30.15,30.09,30,9,5,1,17,8,22,0.09,nan,Rain
1/30/13,54,46,37,52,45,35,100,92,83,30.07,29.76,29.38,10,5,0,23,9,31,0.03,nan,"Fog , Rain"
1/31/13,60,46,31,55,31,7,93,62,30,29.79,29.38,29.05,10,8,2,46,24,64,0.88,nan,Rain
2/1/13,32,29,25,13,10,7,55,46,36,30.23,29.94,29.81,10,10,10,31,18,40,0,nan,
2/2/13,30,25,20,20,8,1,81,56,31,30.31,30.19,30.07,10,8,2,21,10,28,0.01,nan,Snow
2/3/13,31,28,24,22,19,14,88,69,49,30.04,29.9,29.79,10,7,1,15,7,18,0.03,nan,Snow
2/4/13,31,28,24,19,9,5,69,51,32,29.98,29.93,29.81,10,10,10,26,16,33,0,nan,
2/5/13,32,30,28,28,24,14,85,66,47,29.98,29.93,29.91,10,6,2,14,8,20,0.02,nan,Snow
2/6/13,40,35,30,28,20,1,85,59,32,30.35,30.09,29.92,10,8,3,24,11,29,T,nan,Snow
2/7/13,33,30,26,21,9,2,63,46,28,30.52,30.43,30.34,10,10,10,13,9,21,0,nan,
2/8/13,36,32,27,31,29,23,92,78,63,30.31,29.86,29.63,10,3,0,32,19,44,0.67,nan,"Fog , Rain , Snow"
2/9/13,34,29,23,26,17,5,92,64,35,30.34,29.98,29.76,10,7,0,30,18,38,0.8,nan,"Fog , Snow"
2/10/13,36,28,20,24,11,6,69,52,35,30.49,30.4,30.34,10,10,10,20,7,25,0,nan,
2/11/13,46,40,34,43,38,21,100,81,61,30.31,29.92,29.66,10,4,0,14,4,17,0.52,nan,"Fog , Rain"
2/12/13,45,42,38,37,25,22,89,65,40,29.97,29.85,29.72,10,10,10,28,15,35,0,nan,
2/13/13,44,39,34,31,25,20,64,54,44,29.95,29.81,29.7,10,10,6,14,6,16,0.02,nan,"Rain , Snow"
2/14/13,46,40,34,33,28,22,82,60,37,30,29.9,29.71,10,10,6,16,8,18,T,nan,"Rain , Snow"
2/15/13,53,45,37,36,32,26,76,60,44,30.01,29.97,29.91,10,9,7,23,8,26,0,nan,
2/16/13,42,37,32,34,24,14,82,64,45,29.96,29.89,29.73,10,10,8,24,13,32,0.02,nan,"Rain , Snow"
2/17/13,32,26,19,12,6,2,49,40,31,30,29.76,29.66,10,10,10,36,25,45,0,nan,
2/18/13,36,28,19,10,5,2,51,39,26,30.24,30.17,30.02,10,10,10,31,16,40,0,nan,
2/19/13,47,40,33,41,29,11,89,62,35,30.2,29.9,29.67,10,9,4,25,11,35,0.16,nan,Rain
2/20/13,40,34,27,20,12,7,52,43,33,29.99,29.85,29.72,10,10,10,31,20,40,0,nan,
2/21/13,35,30,25,14,12,9,55,48,41,30.28,30.06,29.98,10,10,10,31,20,40,0,nan,
2/22/13,39,33,27,30,20,15,70,63,56,30.4,30.34,30.27,10,10,10,18,9,24,T,nan,
2/23/13,40,38,35,36,34,30,92,84,76,30.28,30.04,29.81,10,5,0,21,11,26,0.27,nan,Rain
2/24/13,46,41,35,36,31,21,92,73,53,29.96,29.8,29.73,10,9,3,28,14,35,0.03,nan,"Rain , Snow"
2/25/13,44,39,33,29,24,21,69,57,45,30.23,30.12,29.99,10,10,10,18,8,22,0,nan,
2/26/13,44,39,33,34,30,26,92,73,53,30.3,30.18,29.91,10,10,5,23,12,28,0.12,nan,Rain
2/27/13,48,42,36,43,37,33,100,80,60,29.9,29.62,29.5,10,4,1,29,16,36,1.11,nan,Rain
2/28/13,53,47,40,36,32,28,76,61,46,29.62,29.59,29.54,10,10,10,18,7,24,T,nan,Rain
3/1/13,44,41,37,30,27,24,76,63,49,29.77,29.69,29.6,10,10,10,21,13,26,0,nan,
3/2/13,39,36,32,28,23,22,82,65,48,29.78,29.75,29.7,10,9,4,21,12,25,T,nan,Snow
3/3/13,40,35,30,23,18,16,69,55,40,29.76,29.72,29.66,10,9,5,24,15,31,T,nan,Snow
3/4/13,41,35,29,20,18,16,63,54,44,29.9,29.81,29.76,10,10,10,29,19,37,0,nan,
3/5/13,48,41,33,26,23,20,61,49,37,30.01,29.98,29.92,10,10,10,24,10,30,0,nan,
3/6/13,43,41,38,34,30,26,76,66,55,29.97,29.91,29.86,10,10,10,39,23,49,T,nan,"Rain , Snow"
3/7/13,38,36,34,31,29,25,89,74,59,30.08,30.01,29.92,10,7,2,28,17,35,0.13,nan,"Rain , Snow"
3/8/13,42,37,32,30,29,24,89,70,51,30.18,30.05,30,10,4,0,25,17,33,0.25,nan,"Fog , Snow"
3/9/13,54,46,37,32,21,17,62,43,24,30.32,30.24,30.17,10,10,10,24,12,30,0,nan,
3/10/13,48,41,34,34,32,31,89,75,60,30.4,30.35,30.32,10,10,10,14,7,17,0,nan,
3/11/13,54,47,40,45,40,34,86,77,68,30.32,30.2,30.1,10,10,10,21,10,25,0,nan,
3/12/13,56,50,43,52,46,35,89,78,66,30.08,29.84,29.67,10,7,2,35,16,44,0.79,nan,Rain
3/13/13,52,46,39,34,26,19,70,49,28,29.88,29.85,29.78,10,10,10,22,13,28,0,nan,
3/14/13,41,36,30,26,12,4,59,41,22,29.96,29.9,29.84,10,10,10,32,22,40,0,nan,
3/15/13,48,40,31,28,17,10,57,45,33,29.98,29.86,29.72,10,10,10,22,14,30,0,nan,
3/16/13,41,37,33,30,26,18,89,67,44,29.91,29.83,29.78,10,6,0,18,8,23,0.08,nan,Snow
3/17/13,38,34,30,27,17,9,75,54,32,30.3,30.11,29.92,10,10,10,21,12,28,0,nan,
3/18/13,36,33,29,31,20,7,85,61,36,30.41,30.26,30.03,10,6,0,20,13,26,0.51,nan,"Fog , Rain , Snow"
3/19/13,44,39,34,34,32,28,92,78,64,29.99,29.79,29.7,10,8,3,28,13,36,0.32,nan,Rain
3/20/13,45,40,34,25,16,12,59,43,27,29.88,29.84,29.79,10,10,10,26,14,33,T,nan,
3/21/13,39,36,32,26,16,11,75,54,32,29.84,29.73,29.63,10,10,7,23,11,29,T,nan,Snow
3/22/13,41,36,30,20,15,11,53,43,32,29.88,29.79,29.74,10,10,10,23,14,32,0,nan,
3/23/13,45,40,35,21,18,16,52,43,33,29.93,29.87,29.82,10,10,10,28,17,33,0,nan,
3/24/13,46,40,34,25,20,18,54,44,33,29.94,29.84,29.72,10,10,10,17,8,21,0,nan,
3/25/13,41,39,37,34,29,24,85,70,54,29.7,29.57,29.47,10,8,2,30,12,36,0.16,nan,"Rain , Snow"
3/26/13,50,45,39,30,27,23,70,53,36,29.86,29.73,29.59,10,10,10,18,9,26,T,nan,Rain
3/27/13,52,45,38,29,24,19,59,44,28,29.97,29.9,29.86,10,10,10,26,14,32,0,nan,
3/28/13,49,44,39,31,28,26,64,53,42,30.1,30.01,29.95,10,10,10,22,13,26,T,nan,
3/29/13,55,49,42,29,27,22,57,43,28,30.14,30.11,30.05,10,10,10,22,11,28,0,nan,
3/30/13,58,50,41,34,26,15,60,40,19,30.16,30.12,30.06,10,10,10,17,8,20,0,nan,
3/31/13,55,48,40,43,36,28,86,64,41,30.12,29.93,29.68,10,8,2,25,10,33,0.14,nan,Rain
4/1/13,62,50,38,45,37,14,92,61,30,29.9,29.71,29.62,10,9,2,32,14,38,0.01,nan,Rain
4/2/13,45,40,34,16,12,7,47,35,22,30.08,29.99,29.93,10,10,10,26,16,41,0,nan,
4/3/13,47,41,34,14,11,9,38,30,21,30.28,30.15,30.09,10,10,10,29,18,37,0,nan,
4/4/13,50,43,35,30,19,14,58,41,24,30.39,30.26,30.09,10,10,10,21,10,25,0,nan,
4/5/13,61,52,42,31,23,14,62,39,16,30.07,29.89,29.7,10,10,10,26,12,33,T,nan,Rain
4/6/13,52,45,37,29,16,1,57,35,13,30.32,30.23,30.01,10,10,10,25,11,35,0,nan,
4/7/13,54,47,40,43,33,22,74,56,37,30.3,30.17,29.99,10,10,10,30,14,38,T,nan,Rain
4/8/13,72,60,47,46,41,37,86,59,31,30.07,30.02,29.98,10,10,10,17,6,21,0,nan,
4/9/13,81,64,47,48,41,30,93,55,17,29.99,29.94,29.89,10,9,6,28,9,37,0.01,nan,
4/10/13,71,62,52,55,48,42,71,59,47,29.98,29.89,29.81,10,9,4,36,8,46,0.41,nan,"Rain , Thunderstorm"
4/11/13,60,54,47,56,47,38,93,78,62,30.04,29.94,29.78,10,8,2,20,10,24,T,nan,
4/12/13,48,45,42,41,39,36,89,80,71,30.02,29.86,29.72,10,6,1,26,17,35,0.57,nan,Rain
4/13/13,57,49,41,41,36,30,82,60,38,29.97,29.87,29.76,10,10,10,18,7,23,0.01,nan,Rain
4/14/13,56,52,47,43,31,24,74,52,30,30.22,30.07,29.96,10,10,10,24,11,32,T,nan,Rain
4/15/13,56,50,44,39,31,26,71,52,32,30.38,30.32,30.23,10,10,10,16,8,21,0,nan,
4/16/13,62,55,47,50,45,34,83,70,56,30.37,30.27,30.12,10,10,10,25,12,33,0,nan,
4/17/13,69,62,55,54,43,30,78,52,26,30.29,30.19,30.11,10,10,10,14,7,18,0.02,nan,Rain
4/18/13,61,55,49,52,43,33,93,65,37,30.35,30.26,30.11,10,10,2,20,10,28,0.01,nan,Rain
4/19/13,70,62,53,59,55,52,100,82,63,30.1,29.87,29.65,10,5,0,30,13,36,0.02,nan,"Fog , Rain"
4/20/13,60,53,45,59,33,21,77,50,23,30.28,29.93,29.68,10,10,9,25,17,35,0.06,nan,Rain
4/21/13,53,46,39,29,21,15,49,37,24,30.62,30.52,30.32,10,10,10,26,9,33,0,nan,
4/22/13,55,49,42,35,31,25,67,49,30,30.66,30.59,30.49,10,10,10,24,14,30,0,nan,
4/23/13,53,48,42,39,36,31,76,67,58,30.48,30.29,30.11,10,9,2,23,14,28,T,nan,Rain
4/24/13,65,55,45,48,43,37,89,67,44,30.09,29.96,29.84,10,10,9,21,10,28,0,nan,
4/25/13,67,57,47,51,30,14,83,48,13,30.26,30.12,29.88,10,10,10,28,13,35,0,nan,
4/26/13,66,59,51,36,30,22,54,37,19,30.4,30.34,30.26,10,10,10,16,7,23,0,nan,
4/27/13,68,58,48,36,27,20,46,32,18,30.43,30.36,30.29,10,10,10,18,6,21,0,nan,
4/28/13,69,60,51,41,34,20,59,39,18,30.31,30.27,30.21,10,10,10,22,10,26,0,nan,
4/29/13,59,56,53,47,45,42,72,65,57,30.24,30.22,30.19,10,10,10,15,9,20,0.03,nan,Rain
4/30/13,66,59,51,46,35,18,83,50,16,30.34,30.28,30.21,10,10,10,17,9,23,0,nan,
5/1/13,66,57,48,42,37,31,64,50,36,30.48,30.43,30.35,10,10,10,17,8,24,0,nan,
5/2/13,68,59,50,45,41,37,80,59,37,30.46,30.4,30.33,10,10,10,14,6,18,0,nan,
5/3/13,65,58,50,43,38,33,74,54,34,30.46,30.41,30.37,10,10,10,20,10,24,0,nan,
5/4/13,67,58,48,44,41,37,77,57,37,30.37,30.3,30.26,10,10,10,17,9,22,0,nan,
5/5/13,61,54,47,41,38,34,71,55,39,30.3,30.26,30.22,10,10,10,16,11,24,0,nan,
5/6/13,68,58,47,49,45,41,82,67,52,30.27,30.22,30.16,10,10,9,14,7,20,0,nan,
5/7/13,71,62,53,57,51,47,83,70,57,30.17,30.13,30.09,10,10,10,15,9,21,0,nan,
5/8/13,65,60,55,59,55,49,93,79,64,30.11,30.04,29.98,10,6,1,21,10,25,2.28,nan,Rain
5/9/13,68,62,55,56,53,50,93,75,56,30,29.94,29.89,10,6,0,14,6,20,0.38,nan,Rain
5/10/13,80,71,61,55,53,50,78,57,36,29.99,29.95,29.88,10,10,9,18,7,24,0,nan,
5/11/13,69,66,62,61,59,55,93,81,68,29.88,29.78,29.7,10,8,2,18,9,23,0.64,nan,"Rain , Thunderstorm"
5/12/13,70,62,53,57,37,20,73,46,18,29.93,29.73,29.65,10,10,8,26,15,35,0.01,nan,Rain
5/13/13,57,53,48,33,26,20,56,40,24,30.1,30.02,29.95,10,10,10,23,14,30,0,nan,
5/14/13,62,54,45,36,26,14,62,38,14,30.13,30.08,30.03,10,10,10,20,10,23,0,nan,
5/15/13,70,62,54,57,45,28,72,54,35,30.06,29.88,29.68,10,10,10,22,10,28,0.02,nan,Rain
5/16/13,80,71,62,56,48,42,73,51,28,29.82,29.76,29.71,10,10,10,20,8,24,0,nan,
5/17/13,74,68,61,42,39,35,51,39,27,30.2,30.05,29.84,10,10,10,21,8,25,0,nan,
5/18/13,67,62,56,53,48,41,83,65,46,30.31,30.28,30.2,10,10,10,14,7,17,T,nan,Rain
5/19/13,60,58,56,56,54,47,93,78,62,30.32,30.26,30.18,10,4,0,16,9,20,0.43,nan,Rain
5/20/13,79,68,57,64,60,55,100,78,56,30.16,30.06,29.96,10,5,0,15,6,20,T,nan,"Fog , Rain"
5/21/13,86,77,67,66,64,63,87,69,51,29.97,29.9,29.83,10,9,5,20,8,24,0,nan,
5/22/13,78,68,58,67,60,55,93,79,64,29.94,29.89,29.84,10,5,1,25,8,31,0,nan,
5/23/13,81,72,63,66,63,60,93,76,58,29.89,29.83,29.76,10,9,1,21,10,28,0.53,nan,"Rain , Thunderstorm"
5/24/13,67,57,47,61,52,40,87,80,72,29.93,29.79,29.68,10,9,5,24,13,30,0.23,nan,Rain
5/25/13,56,51,46,43,41,37,86,70,54,29.99,29.92,29.89,10,10,7,36,21,45,0.06,nan,Rain
5/26/13,67,58,49,37,35,32,61,45,29,30.2,30.04,29.95,10,10,10,29,16,37,0,nan,
5/27/13,77,67,56,36,33,29,40,30,20,30.24,30.18,30.11,10,10,10,17,8,23,0,nan,
5/28/13,71,64,57,57,50,39,90,61,31,30.22,30.18,30.13,10,6,2,15,6,18,0.41,nan,Rain
5/29/13,83,71,58,64,59,55,100,77,54,30.13,30.07,30,10,5,0,14,7,17,T,nan,"Fog , Rain"
5/30/13,93,84,74,65,62,58,73,52,30,30.12,30.08,30.04,10,10,10,17,8,22,0,nan,
5/31/13,93,85,76,65,62,58,64,50,36,30.12,30.06,29.98,10,10,10,18,7,23,0,nan,
6/1/13,89,82,75,65,64,62,69,56,43,30.02,29.96,29.89,10,10,10,17,11,23,0,nan,
6/2/13,89,80,70,66,64,60,79,61,42,29.9,29.83,29.77,10,10,5,21,12,26,0.11,nan,"Rain , Thunderstorm"
6/3/13,78,73,67,67,65,47,90,67,44,29.88,29.83,29.8,10,7,0,16,8,22,0.96,nan,"Fog , Rain"
6/4/13,76,68,59,46,40,37,51,38,25,30.1,30,29.9,10,10,10,21,12,25,0,nan,
6/5/13,74,67,59,54,43,37,72,52,31,30.21,30.15,30.11,10,10,10,16,7,21,0,nan,
6/6/13,73,67,60,58,54,43,84,60,35,30.14,30.1,30.02,10,10,9,21,10,25,0.1,nan,Rain
6/7/13,65,62,59,61,58,57,97,91,84,30,29.82,29.63,10,3,1,33,15,40,3.33,nan,Rain
6/8/13,78,68,58,60,57,54,93,72,50,30.04,29.8,29.57,10,8,1,20,8,29,0.79,nan,Rain
6/9/13,82,73,64,61,56,52,78,57,36,30.17,30.13,30.06,10,10,10,15,6,20,0,nan,
6/10/13,69,66,62,64,62,60,93,85,76,30.15,30.03,29.84,10,5,1,23,10,28,1.25,nan,Rain
6/11/13,82,73,63,66,62,56,93,71,49,29.83,29.71,29.61,10,8,0,26,13,36,0.14,nan,Rain
6/12/13,76,71,66,58,51,49,66,52,38,29.84,29.78,29.7,10,10,10,26,13,36,0,nan,
6/13/13,72,64,56,61,56,52,90,72,53,29.83,29.62,29.46,10,8,2,37,15,46,0.88,nan,Rain
6/14/13,75,65,55,54,51,48,86,66,46,29.88,29.71,29.54,10,9,2,26,11,35,0.25,nan,Rain
6/15/13,82,73,64,55,50,45,68,48,28,30,29.94,29.88,10,10,10,17,8,23,0,nan,
6/16/13,86,77,68,63,54,45,64,46,28,29.98,29.88,29.77,10,10,10,23,9,32,T,nan,Rain
6/17/13,87,79,71,64,62,57,73,57,40,29.91,29.87,29.84,10,10,10,21,8,28,T,nan,Rain
6/18/13,82,74,66,67,63,56,87,72,57,29.9,29.86,29.82,10,9,6,16,9,23,0.2,nan,"Rain , Thunderstorm"
6/19/13,77,69,61,63,50,37,87,56,25,30.16,30.01,29.88,10,10,5,16,9,23,T,nan,Rain
6/20/13,80,73,65,55,50,46,57,48,39,30.27,30.23,30.18,10,10,10,21,10,24,0,nan,
6/21/13,82,74,66,54,49,42,53,45,36,30.3,30.27,30.24,10,10,10,18,10,23,0,nan,
6/22/13,84,76,67,58,52,44,63,49,34,30.26,30.21,30.14,10,10,10,21,10,25,0,nan,
6/23/13,87,79,71,69,63,56,82,63,43,30.19,30.13,30.06,10,10,10,23,11,28,T,nan,
6/24/13,96,86,76,70,65,58,82,56,30,30.06,30.01,29.94,10,10,10,21,8,26,T,nan,"Rain , Thunderstorm"
6/25/13,95,85,75,66,64,61,69,53,36,29.98,29.89,29.8,10,10,10,23,10,31,0.01,nan,"Rain , Thunderstorm"
6/26/13,89,83,76,70,64,60,74,57,40,29.84,29.81,29.77,10,10,10,21,8,25,0.01,nan,
6/27/13,85,79,73,72,69,67,84,73,62,29.81,29.7,29.56,10,10,6,26,9,36,0.13,nan,"Rain , Thunderstorm"
6/28/13,89,82,74,70,67,61,84,65,46,29.57,29.52,29.48,10,10,10,17,11,22,T,nan,Rain
6/29/13,85,79,72,70,66,61,79,63,47,29.69,29.59,29.49,10,10,9,22,10,28,0,nan,
6/30/13,87,80,73,72,70,68,87,74,61,29.91,29.82,29.7,10,9,3,18,9,23,T,nan,Rain
7/1/13,78,76,73,72,70,69,93,84,74,30.05,29.97,29.91,10,9,0,21,9,26,0.73,nan,"Fog , Rain , Thunderstorm"
7/2/13,83,78,73,72,70,69,87,78,69,30.18,30.11,30.05,10,10,6,17,10,23,0.06,nan,"Rain , Thunderstorm"
7/3/13,85,80,74,74,71,67,88,75,61,30.25,30.2,30.17,10,7,0,20,10,23,0.96,nan,"Fog , Rain , Thunderstorm"
7/4/13,91,84,76,74,70,67,88,66,44,30.25,30.2,30.15,10,10,10,18,11,24,0,nan,
7/5/13,93,85,77,71,69,66,82,63,44,30.21,30.16,30.08,10,10,10,17,10,23,0,nan,
7/6/13,95,87,79,71,68,65,79,58,36,30.13,30.08,30.01,10,10,10,18,10,28,0,nan,
7/7/13,98,90,81,71,68,62,65,52,38,30.05,29.99,29.92,10,10,10,22,11,28,0,nan,Thunderstorm
7/8/13,91,83,75,68,64,62,69,55,41,30.04,30,29.95,10,10,9,21,10,28,0,nan,Thunderstorm
7/9/13,90,84,77,70,66,63,64,54,44,30.07,30.03,29.98,10,10,6,30,7,37,0.06,nan,"Rain , Thunderstorm"
7/10/13,91,83,75,72,69,66,82,63,44,30.01,29.9,29.8,10,9,7,20,11,25,0.02,nan,"Rain , Thunderstorm"
7/11/13,86,81,75,72,66,60,74,61,47,29.92,29.85,29.79,10,10,10,17,8,22,T,nan,Rain
7/12/13,78,73,68,68,64,60,90,75,60,30.11,30.03,29.92,10,8,2,21,12,25,0.22,nan,Rain
7/13/13,76,73,69,70,68,66,97,88,79,30.28,30.21,30.1,10,6,1,18,10,25,0.02,nan,Rain
7/14/13,94,83,72,72,69,64,93,66,39,30.33,30.28,30.22,10,8,5,16,8,20,T,nan,Rain
7/15/13,94,87,80,70,69,66,69,55,41,30.24,30.18,30.12,10,10,10,17,8,21,0,nan,
7/16/13,93,86,79,71,64,56,74,51,28,30.19,30.16,30.12,10,10,10,18,9,23,0,nan,
7/17/13,97,88,78,69,66,61,67,49,31,30.19,30.13,30.06,10,10,10,16,6,21,0,nan,
7/18/13,100,92,83,71,67,64,65,49,33,30.06,30,29.94,10,10,10,15,7,21,0,nan,
7/19/13,100,93,86,73,72,69,63,51,39,29.96,29.88,29.78,10,10,9,22,12,31,0,nan,
7/20/13,95,89,82,73,68,64,63,52,41,29.83,29.78,29.72,10,10,7,24,12,30,T,nan,Rain
7/21/13,87,82,76,70,63,57,76,57,37,29.96,29.91,29.83,10,10,10,15,8,25,0,nan,
7/22/13,82,79,75,73,71,69,88,84,79,29.95,29.9,29.8,10,8,2,18,10,25,0.27,nan,Rain
7/23/13,91,83,75,74,70,65,88,67,46,29.8,29.66,29.55,10,9,2,21,8,24,0.31,nan,"Rain , Thunderstorm"
7/24/13,83,76,69,68,62,53,74,60,45,29.93,29.74,29.61,10,10,10,18,10,24,0,nan,
7/25/13,70,67,64,58,53,51,78,66,53,30.05,30.01,29.94,10,10,10,20,13,25,0.02,nan,Rain
7/26/13,84,75,65,64,59,57,78,62,45,30.04,30.01,29.99,10,10,10,15,9,20,0,nan,
7/27/13,84,78,71,66,61,55,84,62,40,30.05,30.02,29.96,10,10,10,20,10,24,0,nan,
7/28/13,82,77,71,70,66,62,87,71,54,29.99,29.96,29.93,10,9,7,18,8,25,0.13,nan,Rain
7/29/13,89,80,71,70,60,43,90,57,24,30.09,30.01,29.96,10,10,8,21,8,24,T,nan,Rain
7/30/13,82,76,70,56,54,51,61,49,36,30.17,30.12,30.09,10,10,10,16,9,21,0,nan,
7/31/13,82,77,71,61,56,54,61,49,37,30.16,30.1,30.04,10,10,10,16,8,20,0,nan,
8/1/13,79,74,69,68,64,60,90,74,58,30.04,29.91,29.83,10,8,1,17,8,24,0.5,nan,Rain
8/2/13,86,78,70,68,60,54,84,59,34,29.91,29.86,29.8,10,10,9,20,9,24,0,nan,
8/3/13,80,76,71,63,59,54,68,55,42,29.91,29.88,29.84,10,10,10,17,8,22,0.01,nan,Rain
8/4/13,81,75,69,62,54,50,73,55,36,29.96,29.88,29.85,10,10,10,22,13,26,0,nan,
8/5/13,79,72,64,53,47,41,63,46,28,30.06,30.02,29.96,10,10,10,18,8,23,0,nan,
8/6/13,82,75,67,60,54,47,70,50,30,30.12,30.09,30.04,10,10,10,17,9,23,0,nan,
8/7/13,82,77,72,67,61,57,79,64,49,30.14,30.11,30.07,10,10,10,23,12,29,0.01,nan,
8/8/13,83,77,71,73,69,66,90,80,69,30.07,30.04,30,10,10,7,20,9,24,0.2,nan,Rain
8/9/13,89,82,74,73,71,69,93,74,55,30.01,29.88,29.8,10,10,6,22,11,28,0.07,nan,Rain
8/10/13,84,78,72,69,59,54,82,61,39,30.05,29.96,29.86,10,10,10,18,10,23,0,nan,
8/11/13,82,75,67,64,53,47,73,53,32,30.12,30.07,30.03,10,10,10,14,7,20,0,nan,
8/12/13,82,77,71,68,66,59,84,67,49,30.03,29.99,29.93,10,9,2,12,6,18,0.09,nan,Rain
8/13/13,78,74,70,72,67,63,87,74,60,29.9,29.79,29.7,10,7,2,17,7,21,0.74,nan,Rain
8/14/13,74,68,62,64,50,45,79,60,41,30.04,29.87,29.75,10,10,10,28,16,33,0,nan,
8/15/13,78,71,63,55,47,41,65,47,29,30.14,30.1,30.05,10,10,10,13,7,18,0,nan,
8/16/13,81,74,67,54,51,45,63,47,30,30.2,30.16,30.13,10,10,10,14,5,20,0,nan,
8/17/13,81,75,68,58,53,49,61,48,35,30.27,30.24,30.21,10,10,10,12,6,23,0,nan,
8/18/13,76,73,69,62,59,53,78,62,46,30.26,30.2,30.13,10,10,7,12,6,23,T,nan,Rain
8/19/13,80,74,68,63,58,53,73,58,42,30.13,30.08,30.04,10,10,10,15,7,20,T,nan,
8/20/13,89,80,70,67,62,54,79,55,31,30.12,30.08,30.05,10,10,10,14,5,17,0,nan,
8/21/13,90,82,74,67,61,54,74,52,29,30.18,30.12,30.05,10,10,9,16,6,21,0,nan,
8/22/13,79,76,73,71,69,67,82,75,67,30.06,29.98,29.88,10,8,2,17,7,20,0.24,nan,"Rain , Thunderstorm"
8/23/13,81,76,71,66,57,49,79,56,33,30.1,29.97,29.87,10,10,8,21,11,25,0,nan,
8/24/13,79,72,64,57,51,44,66,48,30,30.35,30.26,30.12,10,10,10,17,9,23,0,nan,
8/25/13,83,75,67,57,52,47,68,48,28,30.39,30.31,30.23,10,10,10,18,7,22,0,nan,
8/26/13,84,77,70,67,58,53,74,59,43,30.23,30.08,29.91,10,10,10,17,10,22,T,nan,Rain
8/27/13,86,80,73,67,65,62,79,64,48,29.9,29.86,29.82,10,10,9,21,10,26,0.01,nan,Rain
8/28/13,85,79,73,70,68,65,87,73,58,29.89,29.87,29.85,10,9,6,13,5,18,0.1,nan,"Rain , Thunderstorm"
8/29/13,80,76,71,70,65,62,90,74,58,30.03,29.97,29.89,10,9,7,16,9,29,T,nan,Rain
8/30/13,86,78,69,68,64,61,78,61,44,30.03,29.95,29.86,10,10,9,15,9,21,0,nan,
8/31/13,86,80,73,70,68,66,84,73,61,29.86,29.84,29.79,10,10,8,17,10,24,0,nan,
9/1/13,85,80,75,72,70,69,87,74,61,29.86,29.83,29.8,10,9,7,16,8,20,T,nan,"Rain , Thunderstorm"
9/2/13,82,77,72,72,71,66,87,81,74,29.8,29.76,29.71,10,6,0,17,5,21,0.9,nan,"Rain , Thunderstorm"
9/3/13,82,76,70,72,65,53,93,65,37,29.88,29.77,29.71,10,7,2,17,9,25,0.09,nan,"Rain , Thunderstorm"
9/4/13,82,74,66,56,54,48,68,51,34,29.99,29.95,29.89,10,10,10,18,11,23,0,nan,
9/5/13,77,71,64,57,49,41,66,48,29,30.15,30,29.93,10,10,10,20,11,25,0,nan,
9/6/13,72,65,57,45,41,36,55,41,27,30.26,30.19,30.13,10,10,10,15,8,23,0,nan,
9/7/13,79,70,61,54,47,40,60,43,25,30.13,30.03,29.9,10,10,10,17,8,21,T,nan,
9/8/13,80,72,63,61,52,41,61,44,27,30.08,29.88,29.82,10,10,10,21,11,25,T,nan,Rain
9/9/13,73,66,58,57,48,40,66,49,31,30.25,30.19,30.09,10,10,10,16,9,20,0,nan,
9/10/13,88,79,69,70,65,58,79,67,55,30.16,30.11,30.05,10,10,9,16,9,21,T,nan,Rain
9/11/13,94,86,77,72,70,69,82,66,49,30.11,30.05,29.98,10,8,5,17,9,22,0,nan,
9/12/13,86,79,71,72,68,66,84,72,59,29.97,29.82,29.68,10,7,1,23,10,32,1.27,nan,"Rain , Thunderstorm"
9/13/13,77,69,60,65,57,48,84,67,49,29.85,29.7,29.64,10,10,9,23,12,29,0.03,nan,Rain
9/14/13,68,62,56,48,45,44,67,56,45,30.12,29.98,29.86,10,10,10,18,12,24,0,nan,
9/15/13,73,64,54,54,44,36,71,50,28,30.22,30.14,30.09,10,10,10,14,7,17,0,nan,
9/16/13,72,64,56,56,52,46,73,60,47,30.24,30.09,30.04,10,10,10,23,10,29,0.02,nan,Rain
9/17/13,65,57,49,44,37,33,62,48,34,30.44,30.36,30.27,10,10,10,24,9,29,0,nan,
9/18/13,71,63,55,50,43,35,65,47,28,30.35,30.27,30.19,10,10,10,15,7,17,0,nan,
9/19/13,77,67,57,54,48,42,67,49,31,30.19,30.13,30.07,10,10,10,16,6,20,0,nan,
9/20/13,78,70,62,58,55,52,73,58,43,30.09,30.05,30.01,10,10,10,17,7,22,0,nan,
9/21/13,76,69,61,67,62,57,90,77,64,30.02,29.84,29.67,10,10,5,30,13,39,0.45,nan,Rain
9/22/13,68,62,55,66,53,41,93,69,45,29.91,29.75,29.66,10,8,2,25,14,31,0.53,nan,Rain
9/23/13,66,59,52,44,41,38,64,52,40,30.05,29.98,29.92,10,10,10,20,12,24,0,nan,
9/24/13,73,62,50,44,41,38,71,51,31,30.06,29.97,29.87,10,10,10,15,9,20,0,nan,
9/25/13,72,64,55,55,44,38,73,53,32,29.96,29.93,29.88,10,10,10,10,4,13,0,nan,
9/26/13,69,64,59,55,53,51,80,68,55,30.1,30.02,29.94,10,10,10,18,8,23,0,nan,
9/27/13,68,63,57,54,50,48,80,66,52,30.27,30.19,30.11,10,10,10,14,8,25,0,nan,
9/28/13,73,66,58,53,50,47,77,59,41,30.32,30.28,30.24,10,10,10,14,7,17,0,nan,
9/29/13,70,65,60,57,53,48,84,66,47,30.23,30.16,30.09,10,10,10,13,6,17,0,nan,
9/30/13,73,66,58,54,51,46,80,61,41,30.09,30.03,29.98,10,10,10,12,6,17,0,nan,
10/1/13,81,72,62,58,53,50,67,52,36,30.01,29.96,29.89,10,10,10,14,6,17,0,nan,
10/2/13,84,75,66,60,56,52,68,54,40,30.01,29.95,29.9,10,10,10,18,7,24,0,nan,
10/3/13,79,72,65,61,54,45,87,59,31,30.12,30.07,30.02,10,10,9,14,5,17,0,nan,
10/4/13,86,77,67,66,60,53,90,67,44,30.06,30.02,29.96,10,9,5,16,6,21,0.03,nan,
10/5/13,73,69,64,63,61,60,87,76,64,30.1,30.06,30.03,10,8,5,14,7,16,0,nan,
10/6/13,70,68,65,65,63,62,93,89,84,30.1,30.07,30.04,9,4,1,15,9,18,0.01,nan,Rain
10/7/13,77,70,62,68,62,47,90,73,56,30.02,29.89,29.78,10,8,1,29,14,39,0.33,nan,Rain
10/8/13,66,61,56,44,42,38,66,50,34,30.32,30.2,30.01,10,10,10,18,11,24,0,nan,
10/9/13,63,59,54,47,45,40,71,62,52,30.4,30.34,30.29,10,10,10,24,14,30,0,nan,
10/10/13,66,60,54,55,51,46,77,72,67,30.28,30.18,30.08,10,10,10,25,17,29,T,nan,
10/11/13,69,65,61,58,56,49,78,65,52,30.09,30.05,30.01,10,10,10,24,18,33,T,nan,Rain
10/12/13,72,66,60,54,47,32,67,46,24,30.29,30.18,30.08,10,10,10,28,18,36,0,nan,
10/13/13,64,60,56,52,49,46,77,67,56,30.39,30.35,30.29,10,10,10,26,16,31,0,nan,
10/14/13,65,59,53,49,46,44,72,62,52,30.37,30.32,30.26,10,10,10,10,6,17,0,nan,
10/15/13,70,63,56,54,50,41,86,63,40,30.26,30.2,30.12,10,10,9,12,6,16,0,nan,
10/16/13,65,61,57,58,54,49,90,77,63,30.11,30.02,29.93,10,10,10,12,7,23,0,nan,
10/17/13,73,67,61,61,59,57,90,76,61,29.92,29.84,29.7,10,8,2,15,8,20,0.01,nan,Rain
10/18/13,69,64,58,61,45,39,81,58,35,29.98,29.83,29.68,10,10,10,23,14,32,0,nan,
10/19/13,64,59,54,54,45,37,78,59,39,29.99,29.89,29.74,10,10,10,17,6,23,T,nan,Rain
10/20/13,63,57,51,52,37,31,72,51,30,30.06,29.93,29.76,10,10,10,21,12,28,0,nan,
10/21/13,67,60,52,44,36,30,62,44,26,30.15,30.08,30,10,10,10,20,9,24,0,nan,
10/22/13,68,61,53,47,43,34,77,59,40,29.98,29.84,29.75,10,10,10,20,9,26,T,nan,Rain
10/23/13,55,51,47,40,35,30,65,53,41,29.81,29.73,29.62,10,10,10,20,10,25,T,nan,Rain
10/24/13,54,49,43,35,28,22,70,49,28,30.01,29.9,29.77,10,10,10,23,14,31,0,nan,
10/25/13,55,49,42,32,29,26,62,50,38,30.23,30.12,30.01,10,10,10,25,14,33,0,nan,
10/26/13,56,50,43,32,28,24,58,44,30,30.22,30.09,29.91,10,10,10,24,12,32,0,nan,
10/27/13,59,54,49,31,29,26,50,40,30,30.12,29.96,29.86,10,10,10,21,12,28,T,nan,Rain
10/28/13,61,53,44,34,30,27,58,44,29,30.32,30.21,30.13,10,10,10,17,9,24,0,nan,
10/29/13,55,50,44,37,30,28,61,50,38,30.42,30.38,30.33,10,10,10,15,8,18,0,nan,
10/30/13,60,54,48,50,41,30,77,64,50,30.34,30.26,30.19,10,10,9,13,5,16,0,nan,
10/31/13,67,60,53,58,54,47,84,78,72,30.22,30.06,29.81,10,8,5,17,8,22,0.05,nan,Rain
11/1/13,70,65,60,60,56,50,84,68,51,29.78,29.63,29.55,10,10,4,35,13,44,0.05,nan,Rain
11/2/13,68,62,55,56,44,37,84,61,37,29.78,29.68,29.62,10,10,10,22,7,26,0.01,nan,
11/3/13,56,47,38,41,32,22,71,58,45,30.43,30.1,29.8,10,10,10,23,14,31,T,nan,Rain
11/4/13,46,40,34,21,16,11,51,38,25,30.66,30.6,30.47,10,10,10,20,11,24,0,nan,
11/5/13,55,49,42,41,33,24,63,53,43,30.66,30.6,30.49,10,10,10,14,7,18,0,nan,
11/6/13,61,54,47,52,45,40,80,66,51,30.49,30.3,30.07,10,10,10,17,8,23,0,nan,
11/7/13,63,54,45,56,47,30,86,68,50,30.05,29.89,29.75,10,10,3,28,12,36,0.08,nan,Rain
11/8/13,49,45,41,31,26,23,62,49,36,30.22,30.06,29.95,10,10,10,28,16,35,0,nan,
11/9/13,50,45,40,32,25,20,59,45,31,30.29,30.19,30.01,10,10,10,18,11,24,0,nan,
11/10/13,60,53,45,38,31,26,62,46,29,30.05,29.93,29.81,10,10,10,31,15,38,T,nan,Rain
11/11/13,53,49,44,30,26,24,46,39,32,30.21,30.1,29.97,10,10,10,25,14,33,0,nan,
11/12/13,52,42,32,34,24,16,82,63,44,30.29,30.13,29.94,10,8,1,28,16,33,0.03,nan,"Rain , Snow"
11/13/13,40,35,30,19,15,11,59,45,30,30.37,30.33,30.29,10,10,10,22,14,26,0,nan,
11/14/13,53,44,34,18,14,9,47,32,17,30.26,30.21,30.16,10,10,10,21,13,26,0,nan,
11/15/13,57,50,43,35,25,15,54,37,20,30.25,30.21,30.17,10,10,10,15,7,21,0,nan,
11/16/13,59,53,47,46,40,26,83,61,38,30.33,30.29,30.23,10,10,8,16,5,21,0.05,nan,Rain
11/17/13,60,55,49,57,51,46,93,88,83,30.28,30.1,29.81,7,4,0,14,7,20,0.02,nan,"Fog , Rain"
11/18/13,65,58,51,58,40,20,93,59,24,29.78,29.67,29.61,10,7,0,29,15,39,0.23,nan,"Fog , Rain"
11/19/13,51,44,37,29,25,21,52,44,36,30.35,30.07,29.79,10,10,10,30,18,40,0,nan,
11/20/13,44,38,32,22,16,10,61,43,25,30.61,30.53,30.36,10,10,10,21,9,26,0,nan,
11/21/13,52,44,36,40,29,17,66,55,44,30.62,30.53,30.4,10,10,10,13,7,18,0,nan,
11/22/13,57,54,51,48,44,37,83,71,59,30.37,30.13,29.9,10,9,5,16,8,23,0.07,nan,Rain
11/23/13,55,43,31,45,25,12,77,53,28,30.04,29.96,29.91,10,9,0,37,19,47,0.02,nan,"Fog , Snow"
11/24/13,32,28,24,10,7,2,50,39,28,30.38,30.19,30.01,10,10,10,38,24,51,0,nan,
11/25/13,35,30,24,12,9,7,50,41,32,30.49,30.41,30.35,10,10,10,23,12,31,0,nan,
11/26/13,46,40,34,43,25,13,92,63,34,30.33,30.19,29.8,10,7,1,16,8,21,0.47,nan,Rain
11/27/13,60,48,36,58,44,21,100,77,54,29.73,29.46,29.36,10,6,2,33,19,47,1.74,nan,Rain
11/28/13,36,34,31,17,12,8,56,44,32,30.48,30.21,29.78,10,10,10,31,17,44,0,nan,
11/29/13,39,35,30,17,15,10,54,46,38,30.73,30.59,30.47,10,10,10,18,9,24,0,nan,
11/30/13,38,32,25,27,17,10,64,50,35,30.77,30.64,30.38,10,10,10,14,7,18,0,nan,
12/1/13,49,43,37,32,29,28,70,58,46,30.35,30.17,30.02,10,10,10,10,3,13,0,nan,
12/2/13,45,43,41,38,35,29,82,70,57,30.01,29.95,29.9,10,8,7,9,6,21,0,nan,
12/3/13,53,46,38,37,34,32,86,66,46,30.01,29.93,29.88,10,8,6,10,4,12,0,nan,
12/4/13,49,44,39,42,35,31,83,70,56,30.14,30.1,30.02,8,7,5,10,6,21,0,nan,
12/5/13,58,52,46,54,48,42,100,93,86,30.12,30.04,29.94,10,4,0,14,6,17,0.01,nan,"Fog , Rain"
12/6/13,55,46,37,54,43,32,100,88,76,30.16,30.02,29.88,10,5,0,20,10,23,0.73,nan,Rain
12/7/13,41,37,32,32,26,15,89,67,44,30.51,30.29,30.11,10,9,2,20,12,24,0.13,nan,"Rain , Snow"
12/8/13,34,32,29,29,20,14,85,66,47,30.6,30.52,30.39,10,6,1,17,10,26,0.05,nan,"Rain , Snow"
12/9/13,39,36,32,36,33,30,96,83,70,30.37,30.12,29.97,10,4,2,24,13,30,0.21,nan,Rain
12/10/13,39,35,30,31,27,12,92,71,49,30.13,29.97,29.88,10,6,0,25,11,30,0.22,nan,"Fog , Rain , Snow"
12/11/13,34,31,27,15,12,9,50,44,38,30.33,30.25,30.15,10,10,10,24,15,33,0,nan,
12/12/13,30,27,23,15,6,0,63,48,33,30.37,30.27,30.17,10,10,10,24,15,35,0,nan,
12/13/13,35,30,24,15,8,1,41,38,35,30.33,30.2,30.14,10,10,10,23,13,32,0,nan,
12/14/13,36,30,24,34,22,14,92,68,43,30.51,30.28,29.81,10,3,0,29,17,33,0.44,nan,"Fog , Rain , Snow"
12/15/13,39,35,30,36,28,17,92,72,51,29.85,29.64,29.5,10,8,2,35,15,41,0.77,nan,"Rain , Snow"
12/16/13,34,30,26,19,10,7,56,46,36,30.24,30.07,29.84,10,10,10,26,12,33,0,nan,
12/17/13,32,28,24,28,19,7,92,67,42,30.22,30.07,29.94,10,5,0,20,9,24,0.16,nan,"Rain , Snow"
12/18/13,37,31,24,21,18,16,81,64,47,30.17,30.05,29.93,10,10,10,23,13,30,0,nan,
12/19/13,48,40,31,28,23,17,63,54,45,30.18,30.12,30.04,10,10,10,22,9,26,0,nan,
12/20/13,54,46,38,44,31,27,68,55,41,30.11,30.04,29.98,10,10,10,16,7,29,0,nan,
12/21/13,60,55,50,49,46,44,86,73,60,30.01,29.95,29.91,10,10,9,17,7,26,T,nan,Rain
12/22/13,69,61,53,59,53,49,86,74,61,29.96,29.89,29.82,10,10,6,20,11,28,0.01,nan,Rain
12/23/13,62,52,42,56,49,31,93,80,67,30.15,30,29.89,10,7,1,24,8,33,0.53,nan,Rain
12/24/13,42,35,27,26,20,8,69,57,44,30.34,30.18,30.09,10,10,10,28,14,36,T,nan,
12/25/13,31,25,19,18,7,4,56,47,37,30.54,30.48,30.36,10,10,10,28,9,33,0,nan,
12/26/13,36,33,30,23,20,15,63,55,47,30.42,30.28,30.18,10,10,10,20,8,29,0,nan,
12/27/13,40,36,32,23,18,15,61,49,37,30.36,30.31,30.27,10,10,10,20,12,28,0,nan,
12/28/13,55,46,36,26,23,21,56,42,27,30.28,30.16,30.08,10,10,10,21,11,29,0,nan,
12/29/13,48,44,40,41,34,24,93,66,39,30.06,29.76,29.42,10,6,1,23,9,28,1.2,nan,Rain
12/30/13,44,34,24,35,24,8,76,61,46,30.19,29.98,29.71,10,10,10,23,13,28,T,nan,
12/31/13,32,27,21,20,11,6,57,48,39,30.29,30.16,30.07,10,9,2,25,11,32,T,nan,Snow